1,"Interface\Icons\Temp",
9,"Interface\Icons\Spell_Shadow_BlackPlague",
10,"Interface\Icons\Spell_Nature_NaturesBlessing",
11,"Interface\Icons\Spell_Fire_Fire",
12,"Interface\Icons\Spell_Fire_Fireball",
13,"Interface\Icons\Spell_Nature_MagicImmunity",
14,"Interface\Icons\Spell_Frost_Frost",
15,"Interface\Icons\Spell_Frost_Stun",
16,"Interface\Icons\Spell_Fire_FireArmor",
17,"Interface\Icons\Spell_Frost_IceShock",
18,"Interface\Icons\Spell_Fire_FireBolt",
19,"Interface\Icons\Spell_Nature_LightningShield",
20,"Interface\Icons\Spell_Nature_StrangleVines",
21,"Interface\Icons\Spell_Nature_FarSight",
22,"Interface\Icons\Spell_Shadow_ShadeTrueSight",
23,"Interface\Icons\Ability_ShockWave",
24,"Interface\Icons\Spell_Nature_Reincarnation",
25,"Interface\Icons\Ability_ThunderBolt",
26,"Interface\Icons\Ability_MeleeDamage",
27,"Interface\Icons\Spell_Nature_Slow",
28,"Interface\Icons\Ability_Defend",
29,"Interface\Icons\Ability_Seal",
30,"Interface\Icons\Spell_Nature_Invisibilty",
31,"Interface\Icons\Spell_Fire_Immolation",
32,"Interface\Icons\Spell_Ice_Lament",
33,"Interface\Icons\Spell_Fire_SealOfFire",
34,"Interface\Icons\Spell_Fire_FlameBlades",
35,"Interface\Icons\Spell_Frost_Glacier",
36,"Interface\Icons\Spell_Frost_ManaRecharge",
37,"Interface\Icons\Spell_Fire_SelfDestruct",
38,"Interface\Icons\Spell_Nature_BloodLust",
39,"Interface\Icons\Spell_Nature_NatureTouchGrow",
40,"Interface\Icons\Spell_Nature_NatureTouchDecay",
41,"Interface\Icons\Spell_Nature_DryadDispelMagic",
42,"Interface\Icons\Ability_ThunderClap",
43,"Interface\Icons\Ability_Temp",
44,"Interface\Icons\Spell_Nature_Sleep",
45,"Interface\Icons\Spell_Fire_MeteorStorm",
46,"Interface\Icons\Spell_Nature_MoonGlow",
47,"Interface\Icons\Spell_Nature_Purge",
48,"Interface\Icons\Spell_Shadow_MindSteal",
49,"Interface\Icons\Ability_EyeOfTheOwl",
50,"Interface\Icons\Ability_BullRush",
51,"Interface\Icons\Spell_Holy_InnerFire",
52,"Interface\Icons\Spell_Holy_Devotion",
53,"Interface\Icons\Spell_Nature_Thorns",
54,"Interface\Icons\Spell_Nature_Brilliance",
55,"Interface\Icons\Spell_Shadow_ChillTouch",
56,"Interface\Icons\Spell_Frost_FreezingBreath",
57,"Interface\Icons\Spell_Fire_EnchantWeapon",
58,"Interface\Icons\Spell_Nature_TimeStop",
59,"Interface\Icons\Spell_Misc_Food",
60,"Interface\Icons\Spell_Misc_Drink",
61,"Interface\Icons\Spell_Shadow_RaiseDead",
62,"Interface\Icons\Spell_Nature_Lightning",
63,"Interface\Icons\Spell_Nature_Strength",
64,"Interface\Icons\Spell_Nature_Rejuvenation",
65,"Interface\Icons\Spell_Nature_NullWard",
66,"Interface\Icons\Spell_Nature_Earthquake",
67,"Interface\Icons\Spell_Nature_SpiritWolf",
68,"Interface\Icons\Spell_Nature_CorrosiveBreath",
69,"Interface\Icons\Ability_Ensnare",
70,"Interface\Icons\Spell_Holy_HolyBolt",
71,"Interface\Icons\Spell_Shadow_Charm",
72,"Interface\Icons\Spell_Nature_GuardianWard",
73,"Interface\Icons\Spell_Holy_Restoration",
74,"Interface\Icons\Spell_Holy_DispelMagic",
75,"Interface\Icons\Spell_Shadow_SpectralSight",
76,"Interface\Icons\Spell_Shadow_FingerOfDeath",
77,"Interface\Icons\Spell_Shadow_MindRot",
78,"Interface\Icons\Spell_Holy_Invulnerable",
79,"Interface\Icons\Spell_Holy_LayOnHands",
80,"Interface\Icons\Spell_Holy_SealOfValor",
81,"Interface\Icons\Spell_Holy_DivineIntervention",
82,"Interface\Icons\Spell_Nature_Polymorph",
83,"Interface\Icons\Ability_Whirlwind",
84,"Interface\Icons\Ability_Racial_Avatar",
85,"Interface\Icons\Ability_UpgradeMoonGlaive",
86,"Interface\Icons\Ability_Racial_BloodRage",
87,"Interface\Icons\Spell_Shadow_Teleport",
88,"Interface\Icons\Spell_Shadow_DeathCoil",
89,"Interface\Icons\Spell_Shadow_RagingScream",
90,"Interface\Icons\Spell_Shadow_Metamorphosis",
91,"Interface\Icons\Spell_Shadow_AuraOfDarkness",
92,"Interface\Icons\Spell_Shadow_SoulGem",
93,"Interface\Icons\Spell_Shadow_UnholyStrength",
94,"Interface\Icons\Spell_Frost_SummonWaterElemental",
95,"Interface\Icons\Spell_Shadow_UnholyFrenzy",
96,"Interface\Icons\Spell_Shadow_Cripple",
97,"Interface\Icons\Spell_Shadow_PlagueCloud",
98,"Interface\Icons\Spell_Shadow_Possession",
99,"Interface\Icons\Spell_Shadow_AntiMagicShell",
100,"Interface\Icons\Spell_Nature_Tranquility",
101,"Interface\Icons\Spell_Frost_WindWalkOn",
102,"Interface\Icons\Ability_Smash",
103,"Interface\Icons\Ability_Ambush",
104,"Interface\Icons\Spell_Holy_Heal",
105,"Interface\Icons\Ability_SearingArrow",
106,"Interface\Icons\Spell_Nature_MoonKey",
107,"Interface\Icons\Ability_Racial_BearForm",
108,"Interface\Icons\Ability_GhoulFrenzy",
109,"Interface\Icons\Spell_Nature_FaerieFire",
110,"Interface\Icons\Spell_Nature_SlowPoison",
111,"Interface\Icons\Spell_Nature_ForceOfNature",
112,"Interface\Icons\Spell_Nature_RavenForm",
113,"Interface\Icons\Spell_Shadow_Haunting",
114,"Interface\Icons\Spell_Shadow_ShadowPact",
115,"Interface\Icons\Spell_Nature_Swiftness",
116,"Interface\Icons\Spell_Shadow_CarrionSwarm",
117,"Interface\Icons\Spell_Nature_WispHeal",
118,"Interface\Icons\Spell_Shadow_DeathAndDecay",
119,"Interface\Icons\Spell_Frost_FrostArmor",
120,"Interface\Icons\Spell_Totem_WardOfDraining",
121,"Interface\Icons\Spell_Holy_Resurrection",
122,"Interface\Icons\Spell_Nature_WispSplode",
123,"Interface\Icons\Spell_Nature_Regeneration",
124,"Interface\Icons\Spell_Nature_ResistMagic",
125,"Interface\Icons\Spell_Holy_MagicalSentry",
126,"Interface\Icons\Ability_Marksmanship",
127,"Interface\Icons\Ability_TheBlackArrow",
128,"Interface\Icons\Ability_TrueShot",
129,"Interface\Icons\Ability_WarStomp",
130,"Interface\Icons\Spell_Shadow_RitualOfSacrifice",
131,"Interface\Icons\Ability_Racial_ShadowMeld",
132,"Interface\Icons\Ability_GolemStormBolt",
133,"Interface\Icons\Spell_Frost_WizardMark",
134,"Interface\Icons\Spell_Shadow_DeathScream",
135,"Interface\Icons\Spell_Shadow_EvilEye",
136,"Interface\Icons\Spell_Fire_Flare",
137,"Interface\Icons\Spell_Shadow_MindBomb",
138,"Interface\Icons\Ability_CriticalStrike",
139,"Interface\Icons\Spell_Nature_EnchantArmor",
140,"Interface\Icons\Spell_Shadow_SealOfKings",
141,"Interface\Icons\Spell_Nature_CallStorm",
142,"Interface\Icons\Spell_Frost_IceClaw",
143,"Interface\Icons\Spell_Frost_Wisp",
144,"Interface\Icons\Frostbolt_test",
145,"Interface\Icons\Spell_Frost_ManaBurn",
146,"Interface\Icons\Ability_Racial_Cannibalize",
147,"Interface\Icons\Spell_Shadow_VampiricAura",
148,"Interface\Icons\Ability_GolemThunderClap",
149,"Interface\Icons\Spell_Nature_Regenerate",
150,"Interface\Icons\Spell_Shadow_UnsummonBuilding",
151,"Interface\Icons\Ability_SteelMelee",
152,"Interface\Icons\Spell_Shadow_Requiem",
153,"Interface\Icons\Spell_Shadow_LifeDrain",
154,"Interface\Icons\Spell_Shadow_DarkRitual",
155,"Interface\Icons\Spell_Nature_Drowsy",
156,"Interface\Icons\Spell_Holy_SearingLight",
157,"Interface\Icons\Ability_Hibernation",
158,"Interface\Icons\Spell_Holy_Excorcism",
159,"Interface\Icons\Spell_Holy_Retribution",
160,"Interface\Icons\Spell_Shadow_CorpseExplode",
161,"Interface\Icons\Ability_TownWatch",
162,"Interface\Icons\Ability_Repair",
163,"Interface\Icons\Ability_PoisonSting",
164,"Interface\Icons\Spell_Shadow_Twilight",
165,"Interface\Icons\Spell_Nature_ChainLightning",
166,"Interface\Icons\Ability_Devour",
167,"Interface\Icons\Spell_Holy_Dizzy",
168,"Interface\Icons\Spell_Nature_NaturesWrath",
169,"Interface\Icons\Spell_Shadow_DeathPact",
170,"Interface\Icons\Spell_Shadow_DarkSummoning",
171,"Interface\Icons\Ability_Spy",
172,"Interface\Icons\Spell_Ice_MagicDamage",
173,"Interface\Icons\Spell_Shadow_GatherShadows",
174,"Interface\Icons\Spell_Nature_EarthBind",
175,"Interface\Icons\Spell_Shadow_GhostKey",
176,"Interface\Icons\Spell_Frost_Frostbolt",
177,"Interface\Icons\Spell_Holy_AshesToAshes",
178,"Interface\Icons\Spell_Shadow_ShadowWard",
179,"Interface\Icons\Ability_Tracking",
180,"Interface\Icons\Spell_Frost_ChainsOfIce",
181,"Interface\Icons\Spell_Frost_FrostArmor02",
182,"Interface\Icons\Spell_Frost_ChillingArmor",
183,"Interface\Icons\Spell_Fire_FireBolt02",
184,"Interface\Icons\Spell_Fire_Fireball02",
185,"Interface\Icons\Spell_Fire_FlameBolt",
186,"Interface\Icons\Spell_Frost_FrostBlast",
187,"Interface\Icons\Spell_Frost_ChillingBlast",
188,"Interface\Icons\Spell_Frost_FrostBolt02",
189,"Interface\Icons\Spell_Frost_ChillingBolt",
190,"Interface\Icons\Spell_Misc_Food_08",
191,"Interface\Icons\Spell_Misc_ConjureManaJewel",
192,"Interface\Icons\Spell_Fire_SunKey",
193,"Interface\Icons\Spell_Frost_FrostNova",
194,"Interface\Icons\Spell_Nature_NullifyPoison",
195,"Interface\Icons\Spell_Nature_RemoveCurse",
196,"Interface\Icons\Spell_Nature_RemoveDisease",
197,"Interface\Icons\Spell_Nature_ResistNature",
198,"Interface\Icons\Spell_Nature_SpiritArmor",
199,"Interface\Icons\Spell_Nature_ThunderClap",
200,"Interface\Icons\Spell_Nature_UndyingStrength",
201,"Interface\Icons\Ability_Physical_Taunt",
202,"Interface\Icons\Racial_Dwarf_FindTreasure",
203,"Interface\Icons\Spell_Holy_HarmUndeadAura",
204,"Interface\Icons\Spell_Holy_RetributionAura",
205,"Interface\Icons\Spell_Holy_RighteousFury",
206,"Interface\Icons\Spell_Holy_RighteousnessAura",
207,"Interface\Icons\Spell_Shadow_AntiShadow",
208,"Interface\Icons\Spell_Shadow_BurningSpirit",
209,"Interface\Icons\Spell_Shadow_DetectLesserInvisibility",
210,"Interface\Icons\Spell_Shadow_DetectInvisibility",
211,"Interface\Icons\Spell_Shadow_ImpPhaseShift",
212,"Interface\Icons\Spell_Shadow_ManaBurn",
213,"Interface\Icons\Spell_Shadow_ShadowBolt",
214,"Interface\Icons\Spell_Shadow_SummonFelHunter",
215,"Interface\Icons\Spell_Shadow_SummonImp",
216,"Interface\Icons\Spell_Shadow_SummonSuccubus",
217,"Interface\Icons\Spell_Shadow_SummonVoidWalker",
218,"Interface\Icons\Ability_ImpalingBolt",
219,"Interface\Icons\Ability_PierceDamage",
220,"Interface\Icons\Spell_Nature_Cyclone",
221,"Interface\Icons\Spell_Shadow_AnimateDead",
222,"Interface\Icons\Spell_Shadow_NightOfTheDead",
223,"Interface\Icons\Spell_Orc_Omniscience",
224,"Spells\Icon\Spell_Fire_Fire",
225,"Interface\Icons\Spell_Nature_StarFall",
226,"Interface\Icons\INV_Potion_19",
227,"Interface\Icons\INV_Misc_Bag_11",
228,"Interface\Icons\Spell_Shadow_GrimWard",
229,"Interface\Icons\Spell_Nature_MirrorImage",
230,"Interface\Icons\INV_Boots_03",
231,"Interface\Icons\INV_Misc_Food_24",
232,"Interface\Icons\Spell_Holy_Silence",
233,"Interface\Icons\Spell_Shadow_Fumble",
234,"Interface\Icons\Spell_Shadow_ShadowWordPain",
235,"Interface\Icons\Spell_Shadow_ShadowWordDominate",
236,"Interface\Icons\Spell_Holy_RemoveCurse",
237,"Interface\Icons\Spell_Holy_HolySmite",
238,"Interface\Icons\Spell_Holy_BlessingOfStamina",
239,"Interface\Icons\Spell_Holy_BlessingOfStrength",
240,"Interface\Icons\Spell_Holy_BlessingOfAgility",
241,"Interface\Icons\Spell_Holy_GreaterHeal",
242,"Interface\Icons\Spell_Holy_FlashHeal",
243,"Interface\Icons\Ability_BackStab",
244,"Interface\Icons\Ability_CheapShot",
245,"Interface\Icons\Ability_Gouge",
246,"Interface\Icons\Ability_Kick",
247,"Interface\Icons\Ability_Poisons",
248,"Interface\Icons\INV_Potion_12",
249,"Interface\Icons\Ability_Sap",
250,"Interface\Icons\Ability_Stealth",
251,"Interface\Icons\Ability_Throw",
252,"Interface\Icons\Ability_Vanish",
253,"Interface\Icons\Ability_Hunter_AimedShot",
254,"Interface\Icons\Ability_Hunter_BeastSooth",
255,"Interface\Icons\Ability_Hunter_BeastTaming",
256,"Interface\Icons\Ability_Hunter_CriticalShot",
257,"Interface\Icons\Ability_Hunter_SwiftStrike",
258,"Interface\Icons\INV_Misc_Food_08",
259,"Interface\Icons\INV_Misc_Food_12",
260,"Interface\Icons\INV_Misc_Food_11",
261,"Interface\Icons\Ability_Druid_Maul",
262,"Interface\Icons\Ability_Druid_Rake",
263,"Interface\Icons\Spell_Nature_AbolishMagic",
264,"Interface\Icons\Spell_Nature_NullifyDisease",
265,"Interface\Icons\Spell_Nature_NullifyPoison_02",
266,"Interface\Icons\Spell_Nature_ProtectionformNature",
267,"Interface\Icons\Ability_Hunter_MendPet",
268,"Interface\Icons\INV_Misc_Ale_01",
269,"Interface\Icons\INV_Weapon_Crossbow_01",
270,"Interface\Icons\INV_Ore_Tin_01",
271,"Interface\Icons\INV_Misc_Birdbeck_02",
272,"Interface\Icons\Spell_Nature_Web",
273,"Interface\Icons\INV_Misc_EmptyFlask_01",
274,"Interface\Icons\INV_Musket_03",
275,"Interface\Icons\INV_Musket_04",
276,"Interface\Icons\Ability_Warrior_DefensiveStance",
277,"Interface\Icons\Ability_Warrior_Cleave",
278,"Interface\Icons\Ability_Warrior_Challange",
279,"Interface\Icons\Ability_Warrior_OffensiveStance",
280,"Interface\Icons\Ability_Warrior_ShieldBash",
281,"Interface\Icons\Ability_Warrior_ShieldWall",
282,"Interface\Icons\Ability_Warrior_WarCry",
283,"Interface\Icons\INV_Misc_Gem_Stone_01",
284,"Interface\Icons\INV_Stone_04",
285,"Interface\Icons\Spell_Frost_IceStorm",
286,"Interface\Icons\INV_Staff_08",
287,"Interface\Icons\INV_Misc_Orb_03",
288,"Interface\Icons\INV_Ammo_Arrow_02",
289,"Interface\Icons\INV_Misc_Bowl_01",
290,"Interface\Icons\INV_ThrowingKnife_03",
291,"Interface\Icons\Spell_Holy_DevotionAura",
292,"Interface\Icons\Spell_Holy_Excorcism_02",
293,"Interface\Icons\INV_Misc_Head_Tiger_01",
294,"Interface\Icons\INV_Wand_01",
295,"Interface\Icons\INV_Wand_02",
296,"Interface\Icons\INV_Staff_03",
297,"Interface\Icons\INV_Chest_Plate02",
298,"Interface\Icons\Spell_Holy_FistOfJustice",
299,"Interface\Icons\Spell_Holy_HealingAura",
300,"Interface\Icons\Spell_Holy_Purify",
301,"Interface\Icons\Spell_Holy_SealOfFury",
302,"Interface\Icons\Spell_Holy_SealOfMight",
303,"Interface\Icons\Spell_Holy_SealOfProtection",
304,"Interface\Icons\Spell_Holy_SealOfRighteousness",
305,"Interface\Icons\Spell_Holy_SealOfSalvation",
306,"Interface\Icons\Spell_Holy_SealOfWisdom",
307,"Interface\Icons\Spell_Holy_SealOfWrath",
308,"Interface\Icons\Spell_Holy_SenseUndead",
309,"Interface\Icons\Spell_Holy_TurnUndead",
310,"Interface\Icons\Spell_Nature_Sentinal",
311,"Interface\Icons\INV_Misc_MonsterFang_01",
312,"Interface\Icons\Spell_Nature_UnyeildingStamina",
313,"Interface\Icons\Spell_Shadow_AbominationExplosion",
314,"Interface\Icons\INV_Gauntlets_05",
315,"Interface\Icons\INV_Jewelry_Talisman_01",
316,"Interface\Icons\Spell_Holy_PrayerOfHealing",
317,"Interface\Icons\Spell_Magic_PolymorphPig",
318,"Interface\Icons\Spell_Magic_PolymorphChicken",
319,"Interface\Icons\INV_Scroll_02",
320,"Interface\Icons\Spell_Lightning_LightningBolt01",
321,"Interface\Icons\Spell_Holy_Renew",
322,"Interface\Icons\INV_Mace_12",
323,"Interface\Icons\INV_Misc_LeatherScrap_08",
324,"Interface\Icons\INV_Fabric_Silk_02",
325,"Interface\Icons\INV_Misc_Wrench_02",
326,"Interface\Icons\INV_Misc_ArmorKit_17",
327,"Interface\Icons\INV_Potion_14",
328,"Interface\Icons\INV_Axe_04",
329,"Interface\Icons\Spell_Holy_HolyProtection",
330,"Interface\Icons\Spell_Holy_NullifyDisease",
331,"Interface\Icons\Spell_Magic_LesserInvisibilty",
332,"Interface\Icons\Spell_Magic_MageArmor",
333,"Interface\Icons\Trade_Engineering",
334,"Interface\Icons\Spell_Nature_AgitatingTotem",
335,"Interface\Icons\Trade_BlackSmithing",
336,"Interface\Icons\Trade_Mining",
337,"Interface\Icons\Spell_Nature_InvisibilityTotem",
338,"Interface\Icons\Spell_Nature_ManaRegenTotem",
339,"Interface\Icons\Trade_Alchemy",
340,"Interface\Icons\Spell_Nature_SlowingTotem",
341,"Interface\Icons\Trade_Tailoring",
342,"Interface\Icons\Trade_BrewPoison",
343,"Interface\Icons\INV_Misc_Key_04",
344,"Interface\Icons\INV_Misc_Gem_Sapphire_01",
345,"Interface\Icons\Trade_Herbalism",
346,"Interface\Icons\Trade_LeatherWorking",
347,"Interface\Icons\INV_Misc_Shell_03",
348,"Interface\Icons\INV_Potion_01",
349,"Interface\Icons\INV_Misc_Shell_02",
350,"Interface\Icons\INV_Misc_Dust_02",
351,"Interface\Icons\INV_Misc_Ammo_Gunpowder_02",
352,"Interface\Icons\INV_Orb_Arcanite_01",
353,"Interface\Icons\INV_Misc_Gear_01",
354,"Interface\Icons\INV_Cask_01",
355,"Interface\Icons\INV_Misc_Bomb_05",
356,"Interface\Icons\INV_Misc_StoneTablet_04",
357,"Interface\Icons\INV_Scroll_05",
358,"Interface\Icons\INV_Misc_Fork&Knife",
359,"Interface\Icons\INV_Misc_EmptyFlask_02",
360,"Interface\Icons\INV_Flask_02",
361,"Interface\Icons\INV_Flask_05",
362,"Interface\Icons\INV_Wine_01",
363,"Interface\Icons\INV_Misc_Cape_18",
364,"Interface\Icons\INV_Weapon_Bow_05",
365,"Interface\Icons\INV_Weapon_Halberd_06",
366,"Interface\Icons\INV_Axe_09",
367,"Interface\Icons\INV_Mace_01",
368,"Interface\Icons\INV_Sword_04",
369,"Interface\Icons\INV_Sword_06",
370,"Interface\Icons\INV_Spear_05",
371,"Interface\Icons\INV_Axe_17",
372,"Interface\Icons\INV_Gauntlets_06",
373,"Interface\Icons\INV_Misc_Pipe_01",
374,"Interface\Icons\INV_Misc_Food_09",
393,"Interface\Icons\INV_Weapon_Rifle_01",
413,"Interface\Icons\INV_Shield_05",
433,"Interface\Icons\INV_Banner_03",
434,"Interface\Icons\INV_ThrowingKnife_05",
435,"Interface\Icons\INV_Mace_04",
436,"Interface\Icons\INV_Weapon_Bow_02",
437,"Interface\Icons\INV_Axe_13",
438,"Interface\Icons\INV_Sword_26",
439,"Interface\Icons\INV_Hammer_03",
440,"Interface\Icons\INV_Shield_04",
441,"Interface\Icons\INV_Axe_16",
442,"Interface\Icons\INV_Stone_01",
443,"Interface\Icons\INV_Axe_11",
444,"Interface\Icons\INV_Chest_Plate01",
453,"Interface\Icons\Spell_Holy_BlessingOfProtection",
454,"Interface\Icons\Ability_Hunter_BeastSoothe",
455,"Interface\Icons\Ability_Hunter_BeastCall",
456,"Interface\Icons\Ability_Warrior_BattleShout",
457,"Interface\Icons\Ability_Warrior_Charge",
458,"Interface\Icons\Spell_Nature_AstralRecal",
459,"Interface\Icons\Spell_Nature_AstralRecalGroup",
460,"Interface\Icons\Spell_Shadow_SummonInfernal",
473,"Interface\Icons\Ability_Druid_Bash",
493,"Interface\Icons\Ability_Druid_CatForm",
494,"Interface\Icons\Ability_Druid_Disembowel",
495,"Interface\Icons\Ability_Druid_SupriseAttack",
496,"Interface\Icons\Ability_Druid_Swipe",
497,"Interface\Icons\Ability_Rogue_Disguise",
498,"Interface\Icons\Ability_Rogue_Garrote",
499,"Interface\Icons\Ability_Rogue_KidneyShot",
500,"Interface\Icons\Ability_Rogue_Rupture",
501,"Interface\Icons\Spell_Frost_FrostWard",
502,"Interface\Icons\Spell_Holy_MindVision",
503,"Interface\Icons\Spell_Holy_Redemption",
504,"Interface\Icons\Spell_Holy_SealOfSacrifice",
505,"Interface\Icons\Spell_Magic_FeatherFall",
513,"Interface\Icons\Ability_Rogue_DualWeild",
514,"Interface\Icons\Ability_Rogue_Eviscerate",
515,"Interface\Icons\Ability_Rogue_SliceDice",
516,"Interface\Icons\Ability_Rogue_Sprint",
517,"Interface\Icons\Ability_Rogue_Trip",
518,"Interface\Icons\INV_Poison_MindNumbing",
533,"Interface\Icons\Ability_DualWield",
534,"Interface\Icons\Ability_Hunter_BeastTraining",
535,"Interface\Icons\Ability_Hunter_Pathfinding",
536,"Interface\Icons\Ability_Hunter_Quickshot",
537,"Interface\Icons\Ability_Hunter_RunningShot",
538,"Interface\Icons\Ability_Hunter_SniperShot",
539,"Interface\Icons\Ability_Rogue_Feint",
540,"Interface\Icons\Spell_Holy_PrayerOfHealing02",
541,"Interface\Icons\Spell_Shadow_BloodBoil",
542,"Interface\Icons\Spell_Shadow_CurseOfAchimonde",
543,"Interface\Icons\Spell_Shadow_CurseOfMannoroth",
544,"Interface\Icons\Spell_Shadow_CurseOfSargeras",
545,"Interface\Icons\Spell_Shadow_DemonBreath",
546,"Interface\Icons\Spell_Shadow_LifeDrain02",
547,"Interface\Icons\Spell_Shadow_RainOfFire",
548,"Interface\Icons\Spell_Shadow_SiphonMana",
553,"Interface\Icons\Ability_Racial_Ultravision",
554,"Interface\Icons\INV_Misc_Orb_04",
555,"Interface\Icons\Spell_Holy_AuraOfLight",
556,"Interface\Icons\INV_Food_Egg_02",
557,"Interface\Icons\INV_Wine_03",
558,"Interface\Icons\Ability_Parry",
559,"Interface\Icons\Ability_Warrior_DecisiveStrike",
560,"Interface\Icons\Ability_Warrior_Disarm",
561,"Interface\Icons\Ability_Warrior_InnerRage",
562,"Interface\Icons\Ability_Warrior_Revenge",
563,"Interface\Icons\Ability_Warrior_Riposte",
564,"Interface\Icons\Ability_Warrior_SavageBlow",
565,"Interface\Icons\Ability_Warrior_Sunder",
566,"Interface\Icons\Spell_Holy_PowerWordShield",
576,"Interface\Icons\INV_Misc_Fish_05",
577,"Interface\Icons\INV_Misc_Fish_06",
578,"Interface\Icons\Trade_Engraving",
579,"Interface\Icons\INV_Staff_Goldfeathered_01",
580,"Interface\Icons\Trade_Fishing",
596,"Interface\Icons\Spell_Shadow_Curse",
597,"Interface\Icons\INV_Misc_MonsterHead_03",
598,"Interface\Icons\INV_Staff_01",
599,"Interface\Icons\INV_Misc_Bone_09",
600,"Interface\Icons\INV_Misc_Bone_06",
601,"Interface\Icons\INV_Misc_Foot_Kodo",
616,"Interface\Icons\INV_Misc_Fish_03",
617,"Interface\Icons\INV_Misc_Monster_MouseTail",
636,"Interface\Icons\Spell_Nature_Acid_01",
656,"Interface\Icons\INV_Gizmo_02",
657,"Interface\Icons\INV_Gizmo_03",
658,"Interface\Icons\INV_Gizmo_01",
676,"Interface\Icons\INV_Misc_Food_18",
677,"Interface\Icons\Ability_ShootWand",
678,"Interface\Icons\Spell_Fire_FlameShock",
679,"Interface\Icons\Spell_Fire_FlameTounge",
680,"Interface\Icons\Spell_Fire_SearingTotem",
681,"Interface\Icons\Spell_Frost_FrostBrand",
682,"Interface\Icons\Spell_Holy_LesserHeal",
683,"Interface\Icons\Spell_Holy_LesserHeal02",
684,"Interface\Icons\Spell_Holy_Heal02",
685,"Interface\Icons\Spell_Holy_WordFortitude",
686,"Interface\Icons\Spell_Nature_StrengthOfEarthTotem02",
687,"Interface\Icons\Spell_Nature_EarthShock",
688,"Interface\Icons\Spell_Nature_RockBiter",
689,"Interface\Icons\Spell_Nature_StoneClawTotem",
690,"Interface\Icons\Spell_Nature_StoneSkinTotem",
691,"Interface\Icons\Spell_Nature_EarthBindTotem",
692,"Interface\Icons\Spell_Shadow_CurseOfTounges",
693,"Interface\Icons\Spell_Shadow_SacrificialShield",
694,"Interface\Icons\Spell_Shadow_SoothingKiss",
695,"Interface\Icons\Ability_FiegnDead",
696,"Interface\Icons\INV_Misc_Spyglass_01",
716,"Interface\Icons\INV_Boots_02",
736,"Interface\Icons\INV_Misc_Pelt_Wolf_01",
756,"Interface\Icons\INV_Gauntlets_04",
776,"Interface\Icons\INV_Misc_Rune_01",
796,"Interface\Icons\INV_Chest_Chain_05",
816,"Interface\Icons\Spell_Fire_SoulBurn",
836,"Interface\Icons\Ability_Mount_BlackPanther",
856,"Interface\Icons\Ability_Rogue_Ambush",
857,"Interface\Icons\Ability_Rogue_FeignDeath",
858,"Interface\Icons\INV_Misc_Ammo_Bullet_01",
876,"Interface\Icons\Spell_Fire_LavaSpawn",
896,"Interface\Icons\INV_Chest_Leather_09",
897,"Interface\Icons\INV_Chest_Cloth_21",
916,"Interface\Icons\Ability_Mount_WhiteTiger",
917,"Interface\Icons\INV_Shield_09",
936,"Interface\Icons\INV_Misc_Key_03",
937,"Interface\Icons\Spell_Fire_Incinerate",
956,"Interface\Icons\Ability_Mount_WhiteDireWolf",
957,"Interface\Icons\Ability_Druid_ChallangingRoar",
958,"Interface\Icons\Ability_Druid_Cower",
959,"Interface\Icons\Ability_Druid_Dash",
960,"Interface\Icons\Ability_Druid_DemoralizingRoar",
961,"Interface\Icons\Ability_Druid_Enrage",
962,"Interface\Icons\Spell_Nature_HealingTouch",
963,"Interface\Icons\Spell_Nature_HealingWaveGreater",
964,"Interface\Icons\Spell_Nature_HealingWaveLesser",
965,"Interface\Icons\INV_Ammo_Bullet_02",
976,"Interface\Icons\Spell_Frost_FrostShock",
996,"Interface\Icons\INV_Weapon_Halberd_08",
997,"Interface\Icons\INV_Chest_Plate04",
1016,"Interface\Icons\INV_Misc_Food_04",
1036,"Interface\Icons\INV_Misc_Gem_Emerald_01",
1037,"Interface\Icons\INV_Misc_Gem_Emerald_02",
1038,"Interface\Icons\INV_Misc_Gem_Opal_01",
1039,"Interface\Icons\INV_Misc_Gem_Ruby_01",
1056,"Interface\Icons\INV_Wine_02",
1057,"Interface\Icons\INV_Wine_04",
1076,"Interface\Icons\INV_Misc_Head_Undead_01",
1096,"Interface\Icons\INV_Misc_Milk_02",
1097,"Interface\Icons\INV_Misc_Head_Human_02",
1098,"Interface\Icons\INV_Misc_Key_05",
1099,"Interface\Icons\INV_Misc_Key_06",
1100,"Interface\Icons\INV_Misc_Key_12",
1101,"Interface\Icons\INV_Misc_Key_14",
1116,"Interface\Icons\INV_Misc_MonsterClaw_02",
1136,"Interface\Icons\INV_Misc_MonsterScales_03",
1137,"Interface\Icons\Spell_Fire_Volcano",
1156,"Interface\Icons\INV_Jewelry_Amulet_07",
1176,"Interface\Icons\Ability_Mount_RidingHorse",
1177,"Interface\Icons\Ability_Mount_MountainRam",
1178,"Interface\Icons\Ability_Mount_BlackDireWolf",
1179,"Interface\Icons\Ability_Mount_NightmareHorse",
1180,"Interface\Icons\Ability_Mount_Raptor",
1181,"Interface\Icons\Ability_Mount_JungleTiger",
1196,"Interface\Icons\INV_Misc_Ammo_Gunpowder_01",
1197,"Interface\Icons\Spell_Fire_WindsofWoe",
1216,"Interface\Icons\INV_Misc_Flower_02",
1217,"Interface\Icons\INV_Misc_Herb_03",
1236,"Interface\Icons\Spell_Frost_IceShard",
1237,"Interface\Icons\INV_Misc_Bandage_08",
1238,"Interface\Icons\INV_Hammer_18",
1239,"Interface\Icons\INV_Wand_08",
1240,"Interface\Icons\Ability_Mount_MechaStrider",
1241,"Interface\Icons\Ability_Mount_Undeadhorse",
1242,"Interface\Icons\INV_Hammer_24",
1256,"Interface\Icons\INV_Misc_MonsterSpiderCarapace_01",
1276,"Interface\Icons\INV_Ingot_03",
1277,"Interface\Icons\INV_Ingot_Steel",
1296,"Interface\Icons\INV_Potion_63",
1297,"Interface\Icons\INV_Potion_84",
1298,"Interface\Icons\INV_Potion_91",
1299,"Interface\Icons\INV_Potion_93",
1300,"Interface\Icons\INV_Potion_65",
1301,"Interface\Icons\INV_Potion_86",
1302,"Interface\Icons\INV_Potion_33",
1303,"Interface\Icons\INV_Potion_58",
1304,"Interface\Icons\INV_Potion_44",
1305,"Interface\Icons\INV_Potion_79",
1306,"Interface\Icons\INV_Drink_09",
1307,"Interface\Icons\INV_Potion_15",
1308,"Interface\Icons\INV_Potion_13",
1309,"Interface\Icons\INV_Drink_07",
1310,"Interface\Icons\INV_Potion_08",
1311,"Interface\Icons\INV_Potion_18",
1312,"Interface\Icons\INV_Drink_13",
1313,"Interface\Icons\INV_Drink_05",
1314,"Interface\Icons\INV_Drink_04",
1315,"Interface\Icons\INV_Potion_30",
1316,"Interface\Icons\INV_Potion_69",
1336,"Interface\Icons\INV_Potion_10",
1337,"Interface\Icons\INV_Potion_61",
1356,"Interface\Icons\INV_Potion_04",
1357,"Interface\Icons\INV_Drink_06",
1358,"Interface\Icons\INV_Drink_Milk_02",
1359,"Interface\Icons\INV_Drink_10",
1360,"Interface\Icons\INV_Drink_11",
1361,"Interface\Icons\INV_Drink_12",
1377,"Interface\Icons\INV_Misc_Net_01",
1397,"Interface\Icons\Spell_Nature_Windfury",
1417,"Interface\Icons\INV_Misc_Horn_03",
1437,"Interface\Icons\INV_Misc_Food_10",
1457,"Interface\Icons\INV_Ammo_Arrow_01",
1458,"Interface\Icons\INV_Axe_05",
1459,"Interface\Icons\INV_Weapon_Halbard_01",
1460,"Interface\Icons\INV_Mace_02",
1461,"Interface\Icons\INV_Sword_20",
1462,"Interface\Icons\INV_Sword_27",
1463,"Interface\Icons\INV_Shield_06",
1464,"Interface\Icons\INV_Sword_05",
1465,"Interface\Icons\Spell_Nature_AncestralGuardian",
1466,"Interface\Icons\INV_Gizmo_Pipe_04",
1467,"Interface\Icons\INV_Misc_Food_15",
1468,"Interface\Icons\Spell_Shadow_CreepingPlague",
1469,"Interface\Icons\INV_Misc_Gem_Opal_03",
1470,"Interface\Icons\INV_Misc_Gem_Topaz_01",
1471,"Interface\Icons\INV_Misc_Gem_Crystal_01",
1472,"Interface\Icons\INV_Misc_Gem_Variety_02",
1473,"Interface\Icons\INV_Axe_03",
1474,"Interface\Icons\INV_Axe_06",
1475,"Interface\Icons\Ability_Druid_AquaticForm",
1476,"Interface\Icons\Ability_Druid_TravelForm",
1477,"Interface\Icons\Ability_Warrior_PunishingBlow",
1478,"Interface\Icons\Ability_Rogue_Distract",
1479,"Interface\Icons\Spell_Arcane_PortalDarnassus",
1480,"Interface\Icons\Spell_Arcane_PortalIronForge",
1481,"Interface\Icons\Spell_Arcane_PortalOrgrimmar",
1482,"Interface\Icons\Spell_Arcane_PortalStormWind",
1483,"Interface\Icons\Spell_Arcane_PortalThunderBluff",
1484,"Interface\Icons\Spell_Arcane_PortalUnderCity",
1485,"Interface\Icons\Spell_Arcane_StarFire",
1486,"Interface\Icons\Spell_Arcane_TeleportDarnassus",
1487,"Interface\Icons\Spell_Holy_MindSooth",
1488,"Interface\Icons\Spell_Shadow_PsychicScream",
1489,"Interface\Icons\Spell_Arcane_TeleportIronForge",
1490,"Interface\Icons\Spell_Arcane_TeleportOrgrimmar",
1491,"Interface\Icons\Spell_Arcane_TeleportStormWind",
1492,"Interface\Icons\Spell_Arcane_TeleportThunderBluff",
1493,"Interface\Icons\Spell_Arcane_TeleportUnderCity",
1494,"Interface\Icons\Spell_Shadow_Contagion",
1495,"Interface\Icons\INV_Drink_15",
1496,"Interface\Icons\INV_Misc_Herb_16",
1497,"Interface\Icons\INV_Misc_Wrench_01",
1498,"Interface\Icons\INV_Shield_01",
1499,"Interface\Icons\Spell_Arcane_Blink",
1500,"Interface\Icons\Spell_Shadow_EnslaveDemon",
1501,"Interface\Icons\INV_Weapon_ShortBlade_14",
1502,"Interface\Icons\INV_Staff_10",
1503,"Interface\Icons\INV_Staff_11",
1504,"Interface\Icons\INV_Weapon_ShortBlade_05",
1505,"Interface\Icons\INV_ThrowingKnife_01",
1506,"Interface\Icons\INV_Ammo_FireTar",
1507,"Interface\Icons\INV_Misc_MonsterScales_12",
1508,"Interface\Icons\INV_Sword_11",
1509,"Interface\Icons\INV_Misc_Food_50",
1510,"Interface\Icons\Ability_Mount_PinkTiger",
1511,"Interface\Icons\Ability_Hunter_BeastCall02",
1512,"Interface\Icons\INV_Misc_Food_33",
1513,"Interface\Icons\INV_Drink_03",
1514,"Interface\Icons\INV_Egg_02",
1515,"Interface\Icons\INV_Misc_Gem_Crystal_02",
1516,"Interface\Icons\INV_Misc_Gem_Diamond_02",
1517,"Interface\Icons\INV_Misc_Gem_Ruby_02",
1518,"Interface\Icons\INV_Misc_Gem_Amethyst_01",
1519,"Interface\Icons\INV_Misc_Food_31",
1520,"Interface\Icons\INV_Cask_03",
1521,"Interface\Icons\INV_Misc_ShadowEgg",
1522,"Interface\Icons\INV_Box_PetCarrier_01",
1523,"Interface\Icons\INV_Staff_30",
1524,"Interface\Icons\INV_Weapon_ShortBlade_10",
1525,"Interface\Icons\INV_Misc_MonsterScales_05",
1526,"Interface\Icons\INV_Axe_01",
1527,"Interface\Icons\INV_Spear_06",
1528,"Interface\Icons\INV_ThrowingKnife_02",
1529,"Interface\Icons\INV_Axe_08",
1530,"Interface\Icons\Ability_Hunter_EagleEye",
1531,"Interface\Icons\Ability_Druid_Ravage",
1532,"Interface\Icons\INV_Misc_MonsterScales_17",
1533,"Interface\Icons\INV_Misc_MonsterScales_11",
1534,"Interface\Icons\Ability_Druid_CatFormAttack",
1535,"Interface\Icons\INV_Misc_MonsterScales_09",
1536,"Interface\Icons\INV_Misc_MonsterScales_15",
1537,"Interface\Icons\INV_Misc_MonsterScales_13",
1538,"Interface\Icons\INV_Misc_MonsterScales_07",
1539,"Interface\Icons\INV_Ore_Arcanite_01",
1540,"Interface\Icons\INV_Belt_18",
1541,"Interface\Icons\INV_Misc_Slime_01",
1542,"Interface\Icons\INV_Egg_04",
1543,"Interface\Icons\INV_Egg_05",
1544,"Interface\Icons\INV_Hammer_09",
1545,"Interface\Icons\INV_Axe_18",
1546,"Interface\Icons\INV_Axe_10",
1547,"Interface\Icons\INV_Shoulder_11",
1548,"Interface\Icons\INV_Misc_Head_Dragon_01",
1549,"Interface\Icons\Ability_Hunter_AspectOfTheMonkey",
1550,"Interface\Icons\INV_Misc_Horn_01",
1551,"Interface\Icons\INV_Shield_20",
1552,"Interface\Icons\Spell_Shadow_Shadowform",
1553,"Interface\Icons\INV_Misc_Rune_04",
1554,"Interface\Icons\INV_Sword_32",
1555,"Interface\Icons\INV_Jewelry_Talisman_06",
1556,"Interface\Icons\INV_Jewelry_Amulet_01",
1557,"Interface\Icons\INV_Axe_12",
1558,"Interface\Icons\INV_Misc_Pelt_Bear_03",
1559,"Interface\Icons\Ability_Hunter_Pet_Bear",
1560,"Interface\Icons\INV_Spear_08",
1561,"Interface\Icons\INV_Misc_MonsterClaw_04",
1562,"Interface\Icons\INV_Misc_MonsterClaw_03",
1563,"Interface\Icons\Ability_Hunter_Pet_Cat",
1564,"Interface\Icons\INV_Misc_Urn_01",
1565,"Interface\Icons\Ability_Hunter_Pet_Hyena",
1566,"Interface\Icons\INV_Sword_22",
1567,"Interface\Icons\INV_Hammer_23",
1568,"Interface\Icons\INV_Misc_Gem_Bloodstone_01",
1569,"Interface\Icons\INV_Potion_11",
1570,"Interface\Icons\INV_Potion_92",
1571,"Interface\Icons\INV_Sword_25",
1572,"Interface\Icons\INV_Sword_41",
1573,"Interface\Icons\Ability_Hunter_Pet_Wolf",
1574,"Interface\Icons\INV_Ingot_Eternium",
1575,"Interface\Icons\INV_Misc_Rune_05",
1576,"Interface\Icons\INV_Misc_StoneTablet_05",
1577,"Interface\Icons\Ability_Hunter_Pet_Bat",
1578,"Interface\Icons\Ability_Hunter_Pet_Boar",
1579,"Interface\Icons\Ability_Hunter_Pet_Vulture",
1580,"Interface\Icons\Ability_Hunter_Pet_Crab",
1581,"Interface\Icons\Ability_Hunter_Pet_Crocolisk",
1582,"Interface\Icons\Ability_Hunter_Pet_Gorilla",
1583,"Interface\Icons\Ability_Hunter_Pet_Owl",
1584,"Interface\Icons\Ability_Hunter_Pet_Raptor",
1585,"Interface\Icons\Ability_Hunter_Pet_Scorpid",
1586,"Interface\Icons\Ability_Hunter_Pet_Spider",
1587,"Interface\Icons\Ability_Hunter_Pet_TallStrider",
1588,"Interface\Icons\Ability_Hunter_Pet_Turtle",
1589,"Interface\Icons\Ability_Hunter_Pet_WindSerpent",
1590,"Interface\Icons\Spell_Shadow_ScourgeBuild",
1591,"Interface\Icons\Spell_Shadow_DeadofNight",
1592,"Interface\Icons\INV_Misc_Fish_08",
1593,"Interface\Icons\INV_Stone_14",
1594,"Interface\Icons\INV_Shield_19",
1595,"Interface\Icons\INV_Misc_Orb_02",
1596,"Interface\Icons\INV_Weapon_Halberd_11",
1597,"Interface\Icons\INV_Potion_31",
1598,"Interface\Icons\INV_Helmet_45",
1599,"Interface\Icons\INV_Helmet_08",
1600,"Interface\Icons\INV_Stone_13",
1601,"Interface\Icons\INV_Sword_02",
1602,"Interface\Icons\INV_Potion_29",
1603,"Interface\Icons\INV_Potion_16",
1604,"Interface\Icons\INV_Potion_40",
1605,"Interface\Icons\INV_Potion_46",
1606,"Interface\Icons\INV_Potion_67",
1607,"Interface\Icons\INV_Potion_47",
1608,"Interface\Icons\INV_Jewelry_Talisman_07",
1609,"Interface\Icons\INV_Potion_32",
1610,"Interface\Icons\INV_Misc_Flute_01",
1611,"Interface\Icons\INV_Misc_Bone_HumanSkull_01",
1612,"Interface\Icons\INV_Boots_Plate_03",
1613,"Interface\Icons\INV_Gauntlets_19",
1614,"Interface\Icons\Spell_Shadow_CallofBone",
1615,"Interface\Icons\INV_Misc_Head_Tauren_02",
1616,"Interface\Icons\INV_Ammo_Bullet_01",
1617,"Interface\Icons\INV_Ammo_Bullet_03",
1618,"Interface\Icons\INV_Misc_MonsterScales_14",
1619,"Interface\Icons\INV_Gizmo_08",
1620,"Interface\Icons\INV_Misc_Bandage_11",
1621,"Interface\Icons\INV_Misc_Bandage_12",
1622,"Interface\Icons\INV_Staff_02",
1623,"Interface\Icons\INV_Staff_07",
1624,"Interface\Icons\INV_Wand_07",
1625,"Interface\Icons\INV_Battery_01",
1626,"Interface\Icons\INV_Misc_Flower_01",
1627,"Interface\Icons\INV_Misc_Food_Wheat_02",
1628,"Interface\Icons\INV_Axe_02",
1629,"Interface\Icons\INV_Spear_07",
1630,"Interface\Icons\Ability_PoisonArrow",
1631,"Interface\Icons\INV_Weapon_Rifle_02",
1632,"Interface\Icons\INV_Weapon_Rifle_06",
1633,"Interface\Icons\INV_Gauntlets_10",
1634,"Interface\Icons\INV_Misc_Food_02",
1635,"Interface\Icons\INV_Hammer_04",
1636,"Interface\Icons\INV_Wand_09",
1637,"Interface\Icons\INV_Crown_01",
1638,"Interface\Icons\INV_Potion_55",
1639,"Interface\Icons\INV_Potion_62",
1640,"Interface\Icons\INV_Potion_97",
1641,"Interface\Icons\INV_Potion_48",
1642,"Interface\Icons\INV_Potion_26",
1643,"Interface\Icons\INV_Potion_41",
1644,"Interface\Icons\INV_Misc_Book_07",
1645,"Interface\Icons\INV_Enchant_EssenceAstralLarge",
1646,"Interface\Icons\INV_Enchant_EssenceAstralSmall",
1647,"Interface\Icons\INV_Spear_04",
1648,"Interface\Icons\INV_Sword_48",
1649,"Interface\Icons\Spell_Nature_Preservation",
1650,"Interface\Icons\INV_ThrowingAxe_03",
1651,"Interface\Icons\INV_Misc_Bone_OrcSkull_01",
1652,"Interface\Icons\INV_Helmet_23",
1653,"Interface\Icons\INV_Misc_Pelt_Bear_Ruin_02",
1654,"Interface\Icons\INV_Enchant_EssenceEternalLarge",
1655,"Interface\Icons\INV_Musket_02",
1656,"Interface\Icons\INV_Enchant_ShardBrilliantSmall",
1657,"Interface\Icons\INV_Misc_Note_02",
1658,"Interface\Icons\INV_Feather_01",
1659,"Interface\Icons\INV_Misc_MonsterScales_08",
1660,"Interface\Icons\Spell_Arcane_TeleportMoonglade",
1661,"Interface\Icons\Racial_Troll_Berserk",
1662,"Interface\Icons\Racial_Orc_BerserkerStrength",
1663,"Interface\Icons\INV_Hammer_05",
1664,"Interface\Icons\INV_Hammer_01",
1665,"Interface\Icons\INV_Ammo_Snowball",
1666,"Interface\Icons\INV_Boots_05",
1667,"Interface\Icons\INV_Gizmo_07",
1668,"Interface\Icons\INV_Shield_10",
1669,"Interface\Icons\Spell_Holy_PrayerOfFortitude",
1670,"Interface\Icons\INV_Potion_03",
1671,"Interface\Icons\INV_Misc_Herb_07",
1672,"Interface\Icons\INV_Jewelry_Talisman_08",
1673,"Interface\Icons\Spell_Nature_DiseaseCleansingTotem",
1674,"Interface\Icons\Spell_Frost_FireResistanceTotem",
1675,"Interface\Icons\Spell_Nature_NatureResistanceTotem",
1676,"Interface\Icons\Spell_Nature_TremorTotem",
1677,"Interface\Icons\Spell_Nature_GroundingTotem",
1678,"Interface\Icons\Spell_Fire_FrostResistanceTotem",
1679,"Interface\Icons\Spell_Nature_PoisonCleansingTotem",
1680,"Interface\Icons\Ability_Druid_FerociousBite",
1681,"Interface\Icons\Ability_Druid_Mangle.tga",
1682,"Interface\Icons\Ability_Mount_Kodo_01",
1683,"Interface\Icons\Ability_Mount_Kodo_02",
1684,"Interface\Icons\Ability_Mount_Kodo_03",
1685,"Interface\Icons\INV_Misc_Organ_03",
1686,"Interface\Icons\INV_Potion_25",
1687,"Interface\Icons\INV_Drink_18",
1688,"Interface\Icons\INV_Misc_Food_55",
1689,"Interface\Icons\INV_Crown_02",
1690,"Interface\Icons\Spell_Nature_MassTeleport",
1691,"Interface\Icons\INV_Banner_02",
1692,"Interface\Icons\INV_Gizmo_09",
1693,"Interface\Icons\INV_Misc_Gem_Amethyst_02",
1694,"Interface\Icons\Spell_Holy_ArcaneIntellect",
1695,"Interface\Icons\INV_Misc_Birdbeck_01",
1696,"Interface\Icons\INV_Misc_Bomb_04",
1697,"Interface\Icons\Ability_Hunter_Harass",
1698,"Interface\Icons\INV_Banner_01",
1699,"Interface\Icons\INV_Misc_Head_Dragon_Black",
1700,"Interface\Icons\INV_Misc_Head_Dragon_Blue",
1701,"Interface\Icons\INV_Misc_Head_Dragon_Bronze",
1702,"Interface\Icons\INV_Misc_Head_Dragon_Green",
1703,"Interface\Icons\INV_BannerPVP_01",
1704,"Interface\Icons\INV_BannerPVP_02",
1705,"Interface\Icons\INV_Misc_ArmorKit_18",
1706,"Interface\Icons\INV_Misc_Organ_06",
1707,"Interface\Icons\INV_Enchant_ShardBrilliantLarge",
1708,"Interface\Icons\INV_Enchant_EssenceMagicLarge",
1709,"Interface\Icons\INV_Enchant_EssenceNetherLarge",
1710,"Interface\Icons\INV_Gauntlets_03",
1711,"Interface\Icons\Spell_MageArmor",
1712,"Interface\Icons\Spell_FireResistanceTotem_01",
1713,"Interface\Icons\Spell_FrostResistanceTotem_01",
1714,"Interface\Icons\Spell_Holy_ElunesGrace",
1715,"Interface\Icons\Ability_Mount_Dreadsteed",
1716,"Interface\Icons\Ability_Mount_Charger",
1717,"Interface\Icons\INV_Misc_Rune_06",
1718,"Interface\Icons\INV_Misc_Gem_Pearl_05",
1719,"Interface\Icons\Ability_Creature_Poison_03",
1720,"Interface\Icons\INV_Misc_Eye_01",
1721,"Interface\Icons\INV_Spear_02",
1722,"Interface\Icons\Ability_Suffocate",
1723,"Interface\Icons\INV_Gauntlets_31",
1724,"Interface\Icons\INV_Fishingpole_02",
1725,"Interface\Icons\INV_Misc_Fish_04",
1726,"Interface\Icons\INV_Feather_03",
1727,"Interface\Icons\INV_Jewelry_Necklace_11",
1728,"Interface\Icons\INV_Potion_45",
1729,"Interface\Icons\INV_Potion_17",
1730,"Interface\Icons\INV_Misc_Key_08",
1731,"Interface\Icons\INV_Chest_Plate16",
1732,"Interface\Icons\INV_Potion_07",
1733,"Interface\Icons\INV_Gizmo_GoblinBoomBox_01",
1734,"Interface\Icons\Ability_Creature_Poison_05",
1735,"Interface\Icons\INV_Misc_Gem_Bloodstone_02",
1736,"Interface\Icons\Ability_Creature_Poison_01",
1737,"Interface\Icons\Ability_Creature_Disease_02",
1738,"Interface\Icons\INV_ZulGurubTrinket",
1739,"Interface\Icons\Ability_Creature_Cursed_05",
1740,"Interface\Icons\INV-Sword_53",
1741,"Interface\Icons\Ability_Creature_Cursed_04",
1742,"Interface\Icons\INV_Waepon_Bow_ZulGrub_D_02",
1743,"Interface\Icons\INV_Misc_Food_28",
1744,"Interface\Icons\INV_Misc_Head_Gnome_01",
1745,"Interface\Icons\INV_Misc_Head_Gnome_02",
1746,"Interface\Icons\Spell_Nature_CrystalBall",
1747,"Interface\Icons\INV_Misc_Food_59",
1748,"Interface\Icons\INV_Misc_Gem_Amethyst_03",
1749,"Interface\Icons\Spell_Nature_LightningBolt",
1750,"Interface\Icons\Ability_Creature_Cursed_03",
1751,"Interface\Icons\INV_Misc_Head_Murloc_01",
1752,"Interface\Icons\INV_Misc_MonsterHead_02",
1753,"Interface\Icons\INV_Shield_08",
1754,"Interface\Icons\Spell_Nature_CrystalBall",
1755,"Interface\Icons\INV_Misc_Bomb_02",
1756,"Interface\Icons\INV_Misc_Gem_02",
1757,"Interface\Icons\INV_Misc_Gem_Pearl_04",
1758,"Interface\Icons\INV_Stone_15",
1759,"Interface\Icons\Ability_Creature_Poison_02",
1760,"Interface\Icons\Ability_Creature_Poison_04",
1761,"Interface\Icons\Ability_Creature_Cursed_01",
1762,"Interface\Icons\Ability_Creature_Cursed_02",
1763,"Interface\Icons\INV_Drink_01",
1764,"Interface\Icons\Ability_Creature_Disease_01",
1765,"Interface\Icons\INV_Misc_MonsterScales_18",
1766,"Interface\Icons\Ability_Creature_Cursed_03",
1767,"Interface\Icons\INV_Jewelry_Necklace_08",
1768,"Interface\Icons\INV_Misc_Gem_01",
1769,"Interface\Icons\INV_Misc_Gem_02",
1770,"Interface\Icons\INV_Misc_Gem_03",
1771,"Interface\Icons\Spell_Nature_InsectSwarm",
1772,"Interface\Icons\INV_Jewelry_Necklace_01",
1773,"Interface\Icons\INV_Shield_21",
1774,"Interface\Icons\INV_Jewelry_Necklace_06",
1775,"Interface\Icons\Mail_GMIcon",
1776,"Interface\Icons\INV_Misc_QuestionMark",
1777,"Interface\Icons\INV_Misc_Head_Gnome_01",
1778,"Interface\Icons\INV_Misc_Fish_20",
1779,"Interface\Icons\INV_Misc_Fish_21",
1780,"Interface\Icons\INV_Drink_08",
1781,"Interface\Icons\INV_Misc_MonsterTail_03",
1782,"Interface\Icons\INV_Shield_23",
1783,"Interface\Icons\INV_Drink_08",
1784,"Interface\Icons\INV_Misc_PocketWatch_01",
1785,"Interface\Icons\INV_Drink_02",
1786,"Interface\Icons\INV_Misc_Gem_02",
1787,"Interface\Icons\INV_Misc_Gem_Topaz_02",
1788,"Interface\Icons\INV_Misc_Food_65",
1789,"Interface\Icons\INV_Food_ChristmasFruitCake_01",
1790,"Interface\Icons\INV_Misc_AhnQirajTrinket_04",
1791,"Interface\Icons\INV_Misc_AhnQirajTrinket_02",
1792,"Interface\Icons\INV_Misc_Herb_10",
1793,"Interface\Icons\INV_Misc_Herb_09",
1794,"Interface\Icons\INV_Misc_Branch_01",
1795,"Interface\Icons\Spell_Holy_Power",
1796,"Interface\Icons\Spell_Holy_UnyieldingFaith",
1797,"Interface\Icons\Spell_Holy_PersuitofJustice",
1798,"Interface\Icons\Spell_Holy_Vindication",
1799,"Interface\Icons\Spell_Holy_EyeforanEye",
1800,"Interface\Icons\Spell_Magic_GreaterBlessingofKings",
1801,"Interface\Icons\Spell_Holy_GreaterBlessingofLight",
1802,"Interface\Icons\Spell_Holy_GreaterBlessingofKings",
1803,"Interface\Icons\Spell_Holy_GreaterBlessingofSalvation",
1804,"Interface\Icons\Spell_Holy_GreaterBlessingofSanctuary",
1805,"Interface\Icons\Spell_Holy_GreaterBlessingofWisdom",
1806,"Interface\Icons\INV_Food_ChristmasFruitCake_01",
1807,"Interface\Icons\INV_Misc_Food_DimSum",
1808,"Interface\Icons\INV_Potion_60",
1809,"Interface\Icons\INV_Misc_QirajiCrystal_05",
1810,"Interface\Icons\INV_Misc_QirajiCrystal_04",
1811,"Interface\Icons\INV_Misc_QirajiCrystal_03",
1812,"Interface\Icons\INV_Misc_QirajiCrystal_02",
1813,"Interface\Icons\INV_Misc_QirajiCrystal_01",
1814,"Interface\Icons\INV_Weapon_Bow_12",
1815,"Interface\Icons\INV_Misc_EngGizmos_03",
1816,"Interface\Icons\INV_Waepon_Bow_ZulGrub_D_02",
1817,"Interface\Icons\INV_Misc_Food_59",
1818,"Interface\Icons\INV_Helmet_46",
1819,"Interface\Icons\INV_Misc_AhnQirajTrinket_05",
1820,"Interface\Icons\Spell_Holy_EyeforanEye",
1821,"Interface\Icons\Spell_Holy_PersuitofJustice",
1822,"Interface\Icons\Spell_Holy_Vindication",
1823,"Interface\Icons\Spell_Holy_UnyieldingFaith",
1824,"Interface\Icons\Spell_Holy_Power",
1825,"Interface\Icons\INV_Misc_AhnQirajTrinket_01",
1826,"Interface\Icons\INV_Misc_AhnQirajTrinket_06",
1827,"Interface\Icons\INV_QirajIdol_Death",
1828,"Interface\Icons\INV_Misc_MissileLargeCluster_White",
1829,"Interface\Icons\INV_Misc_Gem_Pearl_02",
1830,"Interface\Icons\Spell_Holy_Vindication",
1831,"Interface\Icons\INV_Jewelry_Necklace_16",
1832,"Interface\Icons\INV_Misc_TheGoldenCheep",
1833,"Interface\Icons\Mail_GMIcon",
1834,"Interface\Icons\INV_ThrowingKnife_04",
1835,"Interface\Icons\INV_Sword_30",
1836,"Interface\Icons\INV_Fabric_MoonRag_01",
1837,"Interface\Icons\INV_Fabric_FelRag",
1838,"Interface\Icons\INV_Potion_02",
1839,"Interface\Icons\INV_Potion_72",
1840,"Interface\Icons\INV_Misc_Organ_01",
1841,"Interface\Icons\INV_Misc_Organ_02",
1842,"Interface\Icons\INV_Misc_Food_32",
1843,"Interface\Icons\INV_Drink_Waterskin_07",
1844,"Interface\Icons\INV_Drink_16",
1845,"Interface\Icons\INV_Staff_26",
1846,"Interface\Icons\INV_ValentinePerfumeBottle",
1847,"Interface\Icons\INV_ValentineCologneBottle",
1848,"Interface\Icons\INV_Misc_Dust_04",
1849,"Interface\Icons\INV_ValentinesBoxOfChocolates02",
1850,"Interface\Icons\INV_ValentinesCard01",
1851,"Interface\Icons\INV_Potion_21",
1852,"Interface\Icons\INV_Potion_52",
1853,"Interface\Icons\Spell_BrokenHeart",
1854,"Interface\Icons\INV_ValentinesChocolate01",
1855,"Interface\Icons\INV_ValentinesChocolate02",
1856,"Interface\Icons\INV_ValentinesChocolate03",
1857,"Interface\Icons\INV_ValentinesChocolate04",
1858,"Interface\Icons\INV_Holiday_Christmas_Present_02",
1859,"Interface\Icons\INV_Holiday_Christmas_Present_01",
1860,"Interface\Icons\INV_Misc_Gift_04",
1861,"Interface\Icons\INV_Misc_Gift_01",
1862,"Interface\Icons\INV_Misc_Gift_05",
1863,"Interface\Icons\INV_Misc_Gift_03",
1864,"Interface\Icons\INV_Jewelry_Ring_03",
1865,"Interface\Icons\INV_Misc_Book_11",
1866,"Interface\Icons\INV_Weapon_Rifle_11",
1867,"Interface\Icons\INV_Weapon_Rifle_10",
1868,"Interface\Icons\Spell_Holy_SearingLightPriest",
1869,"Interface\Icons\Spell_Holy_PrayerofShadowProtection",
1870,"Interface\Icons\Spell_Holy_PrayerofSpirit",
1871,"Interface\Icons\Spell_Holy_HealingFocus",
1872,"Interface\Icons\Spell_Holy_PowerInfusion",
1873,"Interface\Icons\Spell_Holy_SpiritualGuidence",
1874,"Interface\Icons\Spell_Holy_HolyNova",
1875,"Interface\Icons\Spell_Holy_BlessedRecovery",
1876,"Interface\Icons\Spell_Shadow_ImprovedVampiricEmbrace",
1877,"Interface\Icons\INV_QirajIdol_Life",
1878,"Interface\Icons\Spell_Holy_SummonLightwell",
1879,"Interface\Icons\Spell_Holy_DivineSpirit",
1880,"Interface\Icons\Spell_Holy_SpellWarding",
1881,"Interface\Icons\INV_Misc_Fish_31",
1882,"Interface\Icons\INV_Misc_Herb_11",
1883,"Interface\Icons\INV_Misc_Herb_11a",
1884,"Interface\Icons\INV_Sword_2H_AshbringerCorrupt",
1885,"Interface\Icons\Spell_ChargeNegative",
1886,"Interface\Icons\Spell_ChargePositive",
1887,"Interface\Icons\INV_Torch_Lit",
1888,"Interface\Icons\INV_Misc_Food_35",
1889,"Interface\Icons\INV_Misc_Food_32",
1890,"Interface\Icons\INV_Relics_TotemofLife",
1891,"Interface\Icons\INV_Boots_Cloth_15",
1892,"Interface\Icons\INV_Misc_Token_ArgentDawn",
1893,"Interface\Icons\INV_Trinket_Naxxramas05",
1894,"Interface\Icons\INV_Misc_Token_ArgentDawn2",
1895,"Interface\Icons\INV_Misc_Token_ArgentDawn3",
1896,"Interface\Icons\INV_Trinket_Naxxramas01",
1897,"Interface\Icons\INV_Trinket_Naxxramas03",
1898,"Interface\Icons\INV_Trinket_Naxxramas06",
1899,"Interface\Icons\INV_Trinket_Naxxramas04",
1900,"Interface\Icons\INV_Enchant_ShardNexusLarge",
1901,"Interface\Icons\INV_Enchant_ShardGlimmeringLarge",
1902,"Interface\Icons\INV_Qiraj_JewelBlessed",
1903,"Interface\Icons\INV_Misc_Food_14",
1904,"Interface\Icons\INV_Relics_TotemofRage",
1905,"Interface\Icons\INV_Wand_06",
1906,"Interface\Icons\INV_Battery_02",
1907,"Interface\Icons\INV_Misc_Food_07",
1908,"Interface\Icons\INV_Drink_Waterskin_09",
1909,"Interface\Icons\INV_Misc_Food_19",
1910,"Interface\Icons\Ability_Creature_Disease_05",
1911,"Interface\Icons\INV_Misc_Food_73CinnamonRoll",
1912,"Interface\Icons\Spell_Nature_Polymorph_Cow",
1913,"Interface\Icons\INV_Gauntlets_26",
1914,"Interface\Icons\INV_Helmet_21",
1915,"Interface\Icons\INV_Staff_23",
1916,"Interface\Icons\INV_Helmet_21",
1917,"Interface\Icons\INV_Relics_IdolofRejuvenation",
1918,"Interface\Icons\Spell_Arcane_ArcaneResilience",
1919,"Interface\Icons\INV_SummerFest_Symbol_Medium",
1920,"Interface\Icons\Spell_Fire_MasterOfElements",
1921,"Interface\Icons\Spell_Nature_StormReach",
1922,"Interface\Icons\Ability_Druid_Mangle",
1923,"Interface\Icons\INV_SummerFest_FireSpirit",
1924,"Interface\Icons\INV_Bracer_09",
1925,"Interface\Icons\INV_Misc_Food_53",
1926,"Interface\Icons\INV_SummerFest_Smorc",
1927,"Interface\Icons\Inv_Misc_SummerFest_BrazierOrange",
1928,"Interface\Icons\Ability_Mount_NetherdrakePurple",
1929,"Interface\Icons\Spell_Nature_HealingWay",
1930,"Interface\Icons\Spell_Fire_ElementalDevastation",
1931,"Interface\Icons\Spell_Nature_EyeOfTheStorm",
1932,"Interface\Icons\Spell_Shadow_SeedOfDestruction",
1933,"Interface\Icons\Spell_Shadow_NetherCloak",
1934,"Interface\Icons\Ability_Warrior_RallyingCry",
1935,"Interface\Icons\Ability_Warrior_ShieldReflection",
1936,"Interface\Icons\INV_Misc_Rune_02",
1937,"Interface\Icons\INV_RoseBouquet01",
1938,"Interface\Icons\Ability_Warrior_CommandingShout",
1939,"Interface\Icons\Spell_Shadow_PainSpike",
1940,"Interface\Icons\Spell_Shadow_Brainwash",
1941,"Interface\Icons\Ability_Warrior_ShieldGuard",
1942,"Interface\Icons\Spell_Shadow_ShadowMend",
1943,"Interface\Icons\INV_Misc_EngGizmos_19",
1944,"Interface\Icons\INV_RosePotted01",
1945,"Interface\Icons\Ability_Warrior_Intervene",
1946,"Interface\Icons\Spell_Holy_ChampionsGrace",
1947,"Interface\Icons\Spell_Holy_ChampionsBond",
1948,"Interface\Icons\Spell_Holy_SummonChampion",
1949,"Interface\Icons\Spell_Holy_ReviveChampion",
1950,"Interface\Icons\Spell_Holy_EmpowerChampion",
1951,"Interface\Icons\Spell_Holy_ProclaimChampion",
1952,"Interface\Icons\Spell_Arcane_Arcane04",
1953,"Interface\Icons\INV_Misc_Gem_AmethystRough_01",
1954,"Interface\Icons\Spell_Arcane_Arcane01",
1955,"Interface\Icons\INV_Trinket_Naxxramas02",
1956,"Interface\Icons\INV_Mace23",
1957,"Interface\Icons\Spell_Arcane_Arcane03",
1958,"Interface\Icons\Spell_Shadow_ConeOfSilence",
1959,"Interface\Icons\Ability_Creature_Disease_03",
1960,"Interface\Icons\Ability_Creature_Poison_06",
1961,"Interface\Icons\Spell_Arcane_Arcane02",
1962,"Interface\Icons\Ability_Warrior_EndlessRage",
1963,"Interface\Icons\INV_Gizmo_RocketBoot_01",
1964,"Interface\Icons\INV_DataCrystal01",
1965,"Interface\Icons\INV_Chest_Plate08",
1966,"Interface\Icons\INV_Sword_2H_Blood_C_01",
1967,"Interface\Icons\INV_Enchant_EssenceMysticalLarge",
1968,"Interface\Icons\INV_Belt_27",
1969,"Interface\Icons\INV_Helmet_28",
1970,"Interface\Icons\INV_Misc_Food_69",
1971,"Interface\Icons\INV_Chest_Cloth_18",
1972,"Interface\Icons\INV_Weapon_Crossbow_11",
1973,"Interface\Icons\INV_Misc_Orb_01",
1974,"Interface\Icons\Spell_Holiday_ToW_SpiceCloud",
1975,"Interface\Icons\INV_Sword_42",
1976,"Interface\Icons\Ability_Warrior_WeaponMastery",
1977,"Interface\Icons\Spell_Shadow_LastingAfflictions",
1978,"Interface\Icons\Spell_Shadow_PainfulAfflictions",
1979,"Interface\Icons\Spell_Shadow_UnstableAfllictions",
1980,"Interface\Icons\Spell_Shadow_DemonicFortitude",
1981,"Interface\Icons\Spell_Shadow_DemonicTactics",
1982,"Interface\Icons\Spell_Shadow_ManaFeed",
1983,"Interface\Icons\Spell_Shadow_SummonFelGuard",
1984,"Interface\Icons\Spell_Shadow_DestructiveSoul",
1985,"Interface\Icons\Spell_Shadow_NetherProtection",
1986,"Interface\Icons\Spell_Shadow_ShadowandFlame",
1987,"Interface\Icons\Spell_Shadow_SoulLeech",
1988,"Interface\Icons\Spell_Shadow_Shadowfury",
1989,"Interface\Icons\Ability_Warrior_ImprovedDisciplines",
1990,"Interface\Icons\INV_Jewelry_Necklace_30",
1991,"Interface\Icons\INV_Jewelry_Necklace_15",
1992,"Interface\Icons\INV_Jewelry_Necklace_27Naxxramas",
1993,"Interface\Icons\INV_Jewelry_Necklace_28",
1994,"Interface\Icons\INV_Jewelry_Necklace_29Naxxramas",
1995,"Interface\Icons\INV_Jewelry_Necklace_AhnQiraj_02",
1996,"Interface\Icons\INV_Chest_Plate06",
1997,"Interface\Icons\Ability_Warrior_SecondWind",
1998,"Interface\Icons\INV_Shoulder_07",
1999,"Interface\Icons\INV_Boots_Cloth_16",
2000,"Interface\Icons\INV_Boots_Cloth_02",
2001,"Interface\Icons\INV_Misc_Gem_BloodGem_01",
2002,"Interface\Icons\INV_Musket_01",
2003,"Interface\Icons\INV_Sword_51",
2004,"Interface\Icons\INV_Sword_17",
2005,"Interface\Icons\Ability_Warrior_BloodFrenzy",
2006,"Interface\Icons\Ability_Warrior_Rampage",
2007,"Interface\Icons\Ability_Warrior_ShieldMastery",
2008,"Interface\Icons\Ability_Warrior_FocusedRage",
2009,"Interface\Icons\INV_DataCrystal09",
2010,"Interface\Icons\Spell_Nature_UnrelentingStorm",
2011,"Interface\Icons\Spell_Nature_GiftoftheWaterSpirit",
2012,"Interface\Icons\Spell_Nature_NatureBlessing",
2013,"Interface\Icons\Spell_Nature_NatureGuardian",
2014,"Interface\Icons\Spell_Nature_FocusedMind",
2015,"Interface\Icons\Spell_Nature_SkinofEarth",
2016,"Interface\Icons\Spell_Nature_ElementalAbsorption",
2017,"Interface\Icons\Spell_Nature_ElementalPrecision_1",
2018,"Interface\Icons\Spell_Nature_LightningOverload",
2019,"Interface\Icons\Spell_Fire_TotemOfWrath",
2020,"Interface\Icons\Spell_Nature_Regeneration_02",
2021,"Interface\Icons\Spell_Nature_UnleashedRage",
2022,"Interface\Icons\Spell_Nature_MentalQuickness",
2023,"Interface\Icons\Ability_DualWieldSpecialization",
2024,"Interface\Icons\Spell_Nature_ShamanRage",
2025,"Interface\Icons\Spell_Nature_ElementalShields",
2026,"Interface\Icons\Ability_Creature_Disease_04",
2027,"Interface\Icons\Spell_Shadow_SoulLeech_3",
2028,"Interface\Icons\Spell_Shadow_SoulLeech_2",
2029,"Interface\Icons\INV_DataCrystal12",
2030,"Interface\Icons\INV_Letter_04",
2031,"Interface\Icons\INV_Letter_05",
2032,"Interface\Icons\INV_Misc_Gem_DeepPeridot_02",
2033,"Interface\Icons\INV_Mushroom_02",
2034,"Interface\Icons\INV_Stone_05",
2035,"Interface\Icons\INV_Misc_Food_54",
2036,"Interface\Icons\INV_Spear_03",
2037,"Interface\Icons\INV_Shoulder_37",
2038,"Interface\Icons\Spell_Shadow_SoulLeech_1",
2039,"Interface\Icons\Spell_Shadow_UnstableAffliction_3",
2040,"Interface\Icons\INV_Relics_LibramofTruth",
2041,"Interface\Icons\INV_Misc_Food_43",
2042,"Interface\Icons\Spell_Shadow_UnstableAffliction_2",
2043,"Interface\Icons\Inv_Helm_Mask_ZulGurub_D_01",
2044,"Interface\Icons\INV_Helmet_06",
2045,"Interface\Icons\INV_Helmet_01",
2046,"Interface\Icons\INV_Misc_Organ_05",
2047,"Interface\Icons\INV_Enchant_EssenceMysticalSmall",
2048,"Interface\Icons\INV_Enchant_EssenceNetherSmall",
2049,"Interface\Icons\INV_Feather_07",
2050,"Interface\Icons\INV_Feather_04",
2051,"Interface\Icons\INV_MISC_HERB_06",
2052,"Interface\Icons\INV_Staff_12",
2053,"Interface\Icons\Ability_Warrior_Devastate",
2054,"Interface\Icons\Ability_Mount_Gryphon_01",
2055,"Interface\Icons\Ability_Mount_Wyvern_01",
2056,"Interface\Icons\INV_Misc_Idol_01",
2057,"Interface\Icons\INV_Mushroom_07",
2058,"Interface\Icons\INV_Jewelry_Talisman_04",
2059,"Interface\Icons\INV_Mace_10",
2060,"Interface\Icons\INV_Misc_Food_71",
2061,"Interface\Icons\INV_Axe_23",
2062,"Interface\Icons\INV_Gauntlets_23",
2063,"Interface\Icons\INV_QirajIdol_Sun",
2064,"Interface\Icons\INV_Potion_103",
2065,"Interface\Icons\INV_Potion_104",
2066,"Interface\Icons\INV_Potion_105",
2067,"Interface\Icons\INV_Misc_Herb_Dreamingglory",
2068,"Interface\Icons\INV_Potion_124",
2069,"Interface\Icons\INV_Potion_123",
2070,"Interface\Icons\INV_Potion_126",
2071,"Interface\Icons\INV_Potion_125",
2072,"Interface\Icons\INV_Potion_127",
2073,"Interface\Icons\INV_Potion_147",
2074,"Interface\Icons\INV_Potion_149",
2075,"Interface\Icons\INV_Potion_146",
2076,"Interface\Icons\INV_Potion_139",
2077,"Interface\Icons\INV_Potion_145",
2078,"Interface\Icons\INV_Potion_133",
2079,"Interface\Icons\INV_Potion_148",
2080,"Interface\Icons\INV_Potion_122",
2081,"Interface\Icons\INV_Potion_119",
2082,"Interface\Icons\INV_Potion_118",
2083,"Interface\Icons\INV_Potion_117",
2084,"Interface\Icons\INV_Potion_116",
2085,"Interface\Icons\INV_Potion_115",
2086,"Interface\Icons\INV_Potion_110",
2087,"Interface\Icons\INV_Potion_107",
2088,"Interface\Icons\INV_Potion_108",
2089,"Interface\Icons\INV_Potion_106",
2090,"Interface\Icons\INV_Potion_109",
2091,"Interface\Icons\INV_Potion_135",
2092,"Interface\Icons\INV_Potion_136",
2093,"Interface\Icons\INV_Potion_151",
2094,"Interface\Icons\INV_Potion_142",
2095,"Interface\Icons\INV_Potion_150",
2096,"Interface\Icons\INV_Sword_31",
2097,"Interface\Icons\INV_ThrowingKnife_06",
2098,"Interface\Icons\INV_Misc_Gem_Diamond_01",
2099,"Interface\Icons\INV_Mask_01",
2100,"Interface\Icons\INV_Helmet_03",
2101,"Interface\Icons\INV_Misc_Herb_Felblossom",
2102,"Interface\Icons\INV_Misc_EngGizmos_12",
2103,"Interface\Icons\INV_Misc_Cape_16",
2104,"Interface\Icons\INV_Jewelry_Amulet_04",
2105,"Interface\Icons\INV_Misc_Fish_14",
2106,"Interface\Icons\INV_Relics_LibramofHope",
2107,"Interface\Icons\INV_Misc_Herb_Flamecap",
2108,"Interface\Icons\Ability_Rogue_BladeTwisting",
2109,"Interface\Icons\Ability_Rogue_CheatDeath",
2110,"Interface\Icons\Ability_Rogue_DeadenedNerves",
2111,"Interface\Icons\Ability_Rogue_EnvelopingShadows",
2112,"Interface\Icons\Ability_Rogue_FindWeakness",
2113,"Interface\Icons\Ability_Rogue_FleetFooted",
2114,"Interface\Icons\Ability_Rogue_MasterOfSubtlety",
2115,"Interface\Icons\Ability_Rogue_NervesOfSteel",
2116,"Interface\Icons\Ability_Rogue_QuickRecovery",
2117,"Interface\Icons\Ability_Rogue_ShadowStrikes",
2118,"Interface\Icons\Ability_Rogue_SinisterCalling",
2119,"Interface\Icons\Ability_Rogue_SurpriseAttack",
2120,"Interface\Icons\Spell_Arcane_ArcanePotency",
2121,"Interface\Icons\Spell_Arcane_MindMastery",
2122,"Interface\Icons\Spell_Arcane_PortalExodar",
2123,"Interface\Icons\Spell_Arcane_PortalSilvermoon",
2124,"Interface\Icons\Spell_Arcane_TeleportExodar",
2125,"Interface\Icons\Spell_Arcane_TeleportSilvermoon",
2126,"Interface\Icons\Spell_Arcane_PrismaticCloak",
2127,"Interface\Icons\Spell_Fire_BurningSpeed",
2128,"Interface\Icons\Spell_Fire_Burnout",
2129,"Interface\Icons\Spell_Fire_MoltenBlood",
2130,"Interface\Icons\Spell_Fire_PlayingWithFire",
2131,"Interface\Icons\Spell_Frost_ArcticWinds",
2132,"Interface\Icons\Spell_Frost_FrozenCore",
2133,"Interface\Icons\Spell_Frost_IceFloes",
2134,"Interface\Icons\Spell_Frost_SummonWaterElemental_2",
2135,"Interface\Icons\Spell_Holy_ArdentDefender",
2136,"Interface\Icons\Spell_Holy_AuraMastery",
2137,"Interface\Icons\Spell_Holy_BlessedLife",
2138,"Interface\Icons\Spell_Holy_DivineIllumination",
2139,"Interface\Icons\Spell_Holy_HolyGuidance",
2140,"Interface\Icons\Spell_Holy_ImprovedResistanceAuras",
2141,"Interface\Icons\Spell_Holy_LightsGrace",
2142,"Interface\Icons\Spell_Holy_PureOfHeart",
2143,"Interface\Icons\Spell_Holy_WeaponMastery",
2144,"Interface\Icons\INV_Stone_11",
2145,"Interface\Icons\Ability_Mount_CockatriceMountElite",
2146,"Interface\Icons\INV_Potion_128",
2147,"Interface\Icons\INV_Misc_Bomb_09",
2148,"Interface\Icons\INV_Potion_111",
2149,"Interface\Icons\INV_Potion_152",
2150,"Interface\Icons\INV_Potion_96",
2151,"Interface\Icons\INV_Potion_59",
2152,"Interface\Icons\Spell_Arcane_ManaTap",
2153,"Interface\Icons\INV_Stone_08",
2154,"Interface\Icons\INV_DataCrystal04",
2155,"Interface\Icons\INV_Misc_StoneTablet_01",
2156,"Interface\Icons\INV_Boots_Cloth_13",
2157,"Interface\Icons\INV_Misc_Head_Orc_02",
2158,"Interface\Icons\Spell_Arcane_StudentOfMagic",
2159,"Interface\Icons\INV_Misc_Food_17",
2160,"Interface\Icons\INV_Misc_Organ_04",
2161,"Interface\Icons\INV_Misc_Powder_Iron",
2162,"Interface\Icons\Spell_Frost_ColdHearted",
2163,"Interface\Icons\INV_Misc_Bone_03",
2164,"Interface\Icons\INV_Misc_Herb_Nightmareseed",
2165,"Interface\Icons\Ability_Mount_RidingElekk",
2166,"Interface\Icons\Ability_Mount_RidingElekkElite",
2167,"Interface\Icons\INV_Waepon_Bow_ZulGrub_D_01",
2168,"Interface\Icons\Spell_Holy_AvengineWrath",
2169,"Interface\Icons\Spell_Holy_Fanaticism",
2170,"Interface\Icons\Spell_Holy_DivinePurpose",
2171,"Interface\Icons\Spell_Holy_Crusade",
2172,"Interface\Icons\Spell_Holy_AvengersShield",
2173,"Interface\Icons\Spell_Holy_PurifyingPower",
2174,"Interface\Icons\Spell_Arcane_PortalShattrath",
2175,"Interface\Icons\Spell_Arcane_TeleportShattrath",
2176,"Interface\Icons\Spell_Holy_SurgeOfLight",
2177,"Interface\Icons\Spell_Holy_BlessedResillience",
2178,"Interface\Icons\Spell_Holy_PainSupression",
2179,"Interface\Icons\Spell_Shadow_ShadowPower",
2180,"Interface\Icons\INV_Potion_98",
2181,"Interface\Icons\INV_Potion_99",
2182,"Interface\Icons\INV_Potion_100",
2183,"Interface\Icons\INV_Potion_101",
2184,"Interface\Icons\INV_Potion_141",
2185,"Interface\Icons\INV_Stone_SharpeningStone_01",
2186,"Interface\Icons\INV_Stone_SharpeningStone_02",
2187,"Interface\Icons\INV_Stone_SharpeningStone_03",
2188,"Interface\Icons\INV_Stone_SharpeningStone_04",
2189,"Interface\Icons\INV_Stone_SharpeningStone_05",
2190,"Interface\Icons\INV_Stone_02",
2191,"Interface\Icons\INV_Stone_SharpeningStone_06",
2192,"Interface\Icons\INV_Stone_SharpeningStone_07",
2193,"Interface\Icons\INV_Stone_WeightStone_02",
2194,"Interface\Icons\INV_Stone_WeightStone_03",
2195,"Interface\Icons\INV_Stone_WeightStone_01",
2196,"Interface\Icons\INV_Stone_WeightStone_04",
2197,"Interface\Icons\INV_Stone_WeightStone_05",
2198,"Interface\Icons\INV_Stone_WeightStone_06",
2199,"Interface\Icons\INV_Stone_WeightStone_07",
2200,"Interface\Icons\INV_Potion_20",
2201,"Interface\Icons\INV_Misc_Rune_12",
2202,"Interface\Icons\INV_Misc_Rune_13",
2203,"Interface\Icons\INV_Misc_Rune_10",
2204,"Interface\Icons\INV_Misc_Rune_11",
2205,"Interface\Icons\Ability_Warrior_VictoryRush",
2206,"Interface\Icons\Spell_Shadow_Shadesofdarkness",
2207,"Interface\Icons\Spell_Misc_HellifrePVPCombatMorale",
2208,"Interface\Icons\INV_Misc_Foot_Centaur",
2209,"Interface\Icons\Spell_Shadow_ShadowEmbrace",
2210,"Interface\Icons\Spell_Shadow_FocusedPower",
2211,"Interface\Icons\Spell_Shadow_Misery",
2212,"Interface\Icons\Spell_Holy_Absolution",
2213,"Interface\Icons\Spell_Holy_Stoicism",
2214,"Interface\Icons\Spell_Holy_CircleOfRenewal",
2215,"Interface\Icons\Spell_Arcane_FocusedPower",
2216,"Interface\Icons\Spell_unused",
2217,"Interface\Icons\INV_Misc_EngGizmos_15",
2218,"Interface\Icons\Spell_Holy_SymbolOfHope",
2219,"Interface\Icons\Spell_Holy_PrayerOfMendingtga",
2220,"Interface\Icons\Inv_Misc_SummerFest_BrazierGreen",
2221,"Interface\Icons\Ability_Hunter_SilentHunter",
2222,"Interface\Icons\Ability_Hunter_ZenArchery",
2223,"Interface\Icons\Ability_Hunter_CombatExperience",
2224,"Interface\Icons\Ability_Hunter_CatlikeReflexes",
2225,"Interface\Icons\Ability_Hunter_SerpentSwiftness",
2226,"Interface\Icons\Ability_Hunter_KillCommand",
2227,"Interface\Icons\Ability_Hunter_AspectoftheViper",
2228,"Interface\Icons\Ability_Hunter_SteadyShot",
2229,"Interface\Icons\Ability_Hunter_BeastWithin",
2230,"Interface\Icons\Ability_Hunter_MasterMarksman",
2231,"Interface\Icons\Ability_Hunter_Misdirection",
2232,"Interface\Icons\Ability_Hunter_FerociousInspiration",
2233,"Interface\Icons\Ability_Hunter_MasterTactitian",
2234,"Interface\Icons\Ability_Hunter_AnimalHandler",
2235,"Interface\Icons\Ability_Hunter_Displacement",
2236,"Interface\Icons\Ability_Hunter_ThrilloftheHunt",
2237,"Interface\Icons\Ability_Rogue_Disembowel",
2238,"Interface\Icons\Ability_Hunter_Readiness",
2239,"Interface\Icons\Ability_Hunter_SurvivalInstincts",
2240,"Interface\Icons\Ability_Hunter_Resourcefulness",
2241,"Interface\Icons\INV_Misc_Crop_02",
2242,"Interface\Icons\INV_Enchant_VoidSphere",
2243,"Interface\Icons\INV_Enchant_PrismaticSphere",
2244,"Interface\Icons\INV_Weapon_Rifle_19",
2245,"Interface\Icons\INV_Jewelry_Ring_62",
2246,"Interface\Icons\Ability_Druid_Lacerate",
2247,"Interface\Icons\Ability_Druid_BalanceofPower",
2248,"Interface\Icons\Ability_Druid_TwilightsWrath",
2249,"Interface\Icons\Ability_Druid_EmpoweredRejuvination",
2250,"Interface\Icons\Ability_Druid_NaturalPerfection",
2251,"Interface\Icons\Ability_Druid_EmpoweredTouch",
2252,"Interface\Icons\Ability_Druid_PredatoryInstincts",
2253,"Interface\Icons\Ability_Druid_PrimalTenacity",
2254,"Interface\Icons\Ability_Druid_HealingInstincts",
2255,"Interface\Icons\Ability_Druid_Dreamstate",
2256,"Interface\Icons\Ability_Druid_LunarGuidance",
2257,"Interface\Icons\Ability_Druid_TreeofLife",
2258,"Interface\Icons\Ability_Druid_ForceofNature",
2259,"Interface\Icons\INV_Misc_Gem_Pearl_06",
2260,"Interface\Icons\INV_Weapon_Shortblade_38",
2261,"Interface\Icons\INV_Enchant_DustArcane",
2262,"Interface\Icons\INV_Misc_EngGizmos_20",
2263,"Interface\Icons\INV_Gizmo_TheBiggerOne",
2264,"Interface\Icons\INV_Misc_Bell_01",
2265,"Interface\Icons\INV_Jewelcrafting_GoldenHare",
2266,"Interface\Icons\Spell_Holy_BlindingHeal",
2267,"Interface\Icons\Spell_Arcane_MassDispel",
2268,"Interface\Icons\Spell_Holy_Heroism",
2269,"Interface\Icons\INV_Weapon_Shortblade_28",
2270,"Interface\Icons\INV_Jewelcrafting_BlackPearlPanther",
2271,"Interface\Icons\INV_Weapon_Rifle_18",
2272,"Interface\Icons\INV_Sword_49",
2273,"Interface\Icons\INV_Misc_Head_Human_01",
2274,"Interface\Icons\Ability_Druid_FlightForm",
2275,"Interface\Icons\INV_Misc_Drum_03",
2276,"Interface\Icons\INV_Misc_Drum_05",
2277,"Interface\Icons\INV_Misc_Drum_06",
2278,"Interface\Icons\INV_Misc_Drum_04",
2279,"Interface\Icons\INV_Misc_Drum_07",
2280,"Interface\Icons\INV_Misc_Drum_02",
2281,"Interface\Icons\Spell_Arcane_ArcaneTorrent",
2282,"Interface\Icons\INV_Misc_Herb_Netherbloom",
2283,"Interface\Icons\Ability_Rogue_BloodyEye",
2284,"Interface\Icons\INV_Weapon_Shortblade_39",
2285,"Interface\Icons\Ability_Hunter_RapidKilling",
2286,"Interface\Icons\INV_Feather_16",
2287,"Interface\Icons\Ability_Shaman_WaterShield",
2288,"Interface\Icons\Ability_Shaman_Heroism",
2289,"Interface\Icons\Spell_Nature_EarthElemental_Totem",
2290,"Interface\Icons\Spell_Fire_Elemental_Totem",
2291,"Interface\Icons\Spell_Holy_CrusaderAura",
2292,"Interface\Icons\Spell_Holy_SealOfVengeance",
2293,"Interface\Icons\Spell_Holy_SealOfBlood",
2294,"Interface\Icons\Spell_Arcane_Blast",
2295,"Interface\Icons\Ability_Hunter_SnakeTrap",
2296,"Interface\Icons\Spell_Shadow_Shadowfiend",
2297,"Interface\Icons\Spell_Shadow_FelArmour",
2298,"Interface\Icons\Spell_Fire_FelFlameBolt",
2299,"Interface\Icons\Spell_Fire_FelFire",
2300,"Interface\Icons\INV_BannerPVP_03",
2301,"Interface\Icons\INV_Elemental_Mote_Earth01",
2302,"Interface\Icons\INV_Elemental_Mote_Fire01",
2303,"Interface\Icons\INV_Gizmo_KhoriumPowerCore",
2304,"Interface\Icons\INV_Feather_12",
2305,"Interface\Icons\INV_Stone_10",
2306,"Interface\Icons\INV_Gizmo_SuperSapperCharge",
2307,"Interface\Icons\Ability_Mage_MoltenArmor",
2308,"Interface\Icons\Ability_Mage_Invisibility",
2309,"Interface\Icons\Spell_Holy_CrusaderStrike",
2310,"Interface\Icons\Ability_Warlock_Avoidance",
2311,"Interface\Icons\Spell_Shadow_UnstableAffliction_1",
2312,"Interface\Icons\Ability_Druid_Mangle2",
2313,"Interface\Icons\INV_DataCrystal02",
2314,"Interface\Icons\INV_Weapon_Rifle_15",
2315,"Interface\Icons\INV_Misc_Dust_03",
2316,"Interface\Icons\INV_Egg_03",
2317,"Interface\Icons\INV_Misc_Herb_Nightmarevine",
2318,"Interface\Icons\Ability_Hunter_GoForTheThroat",
2319,"Interface\Icons\INV_Rod_EnchantedFelsteel",
2320,"Interface\Icons\INV_Weapon_ShortBlade_07",
2321,"Interface\Icons\INV_Misc_Gem_EbonDraenite_02",
2322,"Interface\Icons\INV_Misc_LeatherScrap_13",
2323,"Interface\Icons\INV_Qiraj_OuroHide",
2324,"Interface\Icons\INV_Misc_Idol_03",
2325,"Interface\Icons\INV_Misc_Statue_06",
2326,"Interface\Icons\Spell_Holy_ConsumeMagic",
2327,"Interface\Icons\INV_Elemental_Primal_Fire",
2328,"Interface\Icons\Ability_Hunter_Pet_DragonHawk",
2329,"Interface\Icons\INV_Misc_ArmorKit_24",
2330,"Interface\Icons\INV_Misc_ArmorKit_21",
2331,"Interface\Icons\INV_Misc_ArmorKit_25",
2332,"Interface\Icons\INV_Misc_ArmorKit_23",
2333,"Interface\Icons\Ability_Mount_NetherDrakeElite",
2334,"Interface\Icons\INV_Misc_Ammo_Bullet_02",
2335,"Interface\Icons\INV_Misc_Ammo_Bullet_03",
2336,"Interface\Icons\INV_Misc_Ammo_Bullet_04",
2337,"Interface\Icons\INV_Stone_16",
2338,"Interface\Icons\INV_2H_Auchindoun_01",
2339,"Interface\Icons\INV_Crate_03",
2340,"Interface\Icons\Spell_Fire_Felcano",
2341,"Interface\Icons\INV_Boots_Cloth_01",
2342,"Interface\Icons\INV_Boots_Cloth_03",
2343,"Interface\Icons\INV_Staff_27",
2344,"Interface\Icons\INV_Wand_04",
2345,"Interface\Icons\INV_Wand_05",
2346,"Interface\Icons\INV_Drink_Waterskin_11",
2347,"Interface\Icons\INV_Misc_Statue_08",
2348,"Interface\Icons\INV_Misc_Statue_05",
2349,"Interface\Icons\INV_Misc_Statue_09",
2350,"Interface\Icons\INV_Misc_Statue_10",
2351,"Interface\Icons\INV_Misc_Statue_07",
2352,"Interface\Icons\Spell_Fire_FelPyroblast",
2353,"Interface\Icons\INV_Misc_Food_66",
2354,"Interface\Icons\Spell_Fire_FelFlameStrike",
2355,"Interface\Icons\Spell_Fire_FelImmolation",
2356,"Interface\Icons\Spell_Fire_FelFireNova",
2357,"Interface\Icons\INV_QirajIdol_War",
2358,"Interface\Icons\INV_Misc_Dust_05",
2359,"Interface\Icons\INV_Misc_Head_Elf_01",
2360,"Interface\Icons\INV_Misc_Head_Elf_02",
2361,"Interface\Icons\INV_Misc_Head_Tauren_01",
2362,"Interface\Icons\INV_Potion_06",
2363,"Interface\Icons\Ability_Rogue_Shadowstep",
2364,"Interface\Icons\INV_Misc_Bag_07",
2365,"Interface\Icons\Spell_Fire_FelFireward",
2366,"Interface\Icons\Spell_Fire_FelFlameRing",
2367,"Interface\Icons\INV_Gizmo_GoblingTonkController",
2368,"Interface\Icons\INV_Misc_MissileLarge_Red",
2369,"Interface\Icons\Spell_Fire_FelHellfire",
2370,"Interface\Icons\INV_Ingot_09",
2371,"Interface\Icons\INV_Elemental_Mote_Nether",
2372,"Interface\Icons\INV_Chest_Wolf",
2373,"Interface\Icons\INV_Weapon_Rifle_21",
2374,"Interface\Icons\Ability_Hunter_Pet_Sporebat",
2375,"Interface\Icons\Spell_Fire_FelFlameBreath",
2376,"Interface\Icons\INV_Weapon_Halberd_03",
2377,"Interface\Icons\INV_Helmet_31",
2378,"Interface\Icons\INV_Feather_13",
2379,"Interface\Icons\INV_Elemental_Primal_Water",
2380,"Interface\Icons\INV_Elemental_Primal_Earth",
2381,"Interface\Icons\INV_Elemental_Primal_Air",
2382,"Interface\Icons\INV_Elemental_Primal_Life",
2383,"Interface\Icons\INV_Elemental_Primal_Mana",
2384,"Interface\Icons\INV_Elemental_Primal_Shadow",
2385,"Interface\Icons\Spell_Fire_FelRainOfFire",
2386,"Interface\Icons\INV_Sword_63",
2387,"Interface\Icons\INV_Sword_54",
2388,"Interface\Icons\INV_Misc_Key_10",
2389,"Interface\Icons\INV_Misc_Key_02",
2390,"Interface\Icons\INV_Potion_140",
2391,"Interface\Icons\INV_Scroll_01",
2392,"Interface\Icons\INV_Potion_138",
2393,"Interface\Icons\INV_Potion_144",
2394,"Interface\Icons\INV_Boots_Chain_01",
2395,"Interface\Icons\Ability_Mount_CockatriceMount_Black",
2396,"Interface\Icons\Ability_Mount_CockatriceMount_Blue",
2397,"Interface\Icons\Ability_Mount_CockatriceMount_Purple",
2398,"Interface\Icons\Ability_Mount_CockatriceMount",
2399,"Interface\Icons\Ability_Mount_CockatriceMountElite_Green",
2400,"Interface\Icons\Ability_Mount_CockatriceMountElite_Purple",
2401,"Interface\Icons\Ability_Mount_CockatriceMountElite_Black",
2402,"Interface\Icons\INV_Cask_02",
2403,"Interface\Icons\Ability_Mount_RidingElekk_Purple",
2404,"Interface\Icons\Ability_Mount_RidingElekk_Grey",
2405,"Interface\Icons\Ability_Mount_RidingElekkElite_Blue",
2406,"Interface\Icons\Ability_Mount_RidingElekkElite_Green",
2407,"Interface\Icons\Ability_Mount_RidingElekkElite_Purple",
2408,"Interface\Icons\INV_Potion_137",
2409,"Interface\Icons\INV_Misc_Drum_01",
2410,"Interface\Icons\INV_Misc_Bone_10",
2411,"Interface\Icons\INV_Misc_Herb_Manathistle",
2412,"Interface\Icons\INV_Mask_02",
2413,"Interface\Icons\Spell_Misc_HellifrePVPHonorHoldFavor",
2414,"Interface\Icons\INV_Armor_Shield_Naxxramas_D_02",
2415,"Interface\Icons\INV_Potion_76",
2416,"Interface\Icons\INV_Pick_01",
2417,"Interface\Icons\INV_Pick_03",
2418,"Interface\Icons\INV_Pick_02",
2419,"Interface\Icons\INV_Wand_03",
2420,"Interface\Icons\INV_Sword_10",
2421,"Interface\Icons\INV_Helmet_66",
2422,"Interface\Icons\Ability_Hunter_Pet_NetherRay",
2423,"Interface\Icons\INV_Potion_154",
2424,"Interface\Icons\INV_Potion_158",
2425,"Interface\Icons\INV_Potion_155",
2426,"Interface\Icons\INV_Potion_159",
2427,"Interface\Icons\Spell_unused2",
2428,"Interface\Icons\INV_Misc_Coin_10",
2429,"Interface\Icons\INV_Rod_EnchantedAdamantite",
2430,"Interface\Icons\Spell_Holy_LastingDefense",
2431,"Interface\Icons\INV_WEAPON_HAND_08",
2432,"Interface\Icons\INV_Weapon_Hand_09",
2433,"Interface\Icons\INV_Weapon_Hand_06",
2434,"Interface\Icons\INV_Weapon_Crossbow_18",
2435,"Interface\Icons\Spell_Nature_GiftoftheWild",
2436,"Interface\Icons\INV_Misc_Book_06",
2437,"Interface\Icons\INV_Jewelry_Necklace_03",
2438,"Interface\Icons\INV_Weapon_Shortblade_46",
2439,"Interface\Icons\INV_Potion_35",
2440,"Interface\Icons\INV_Potion_77",
2441,"Interface\Icons\INV_Potion_70",
2442,"Interface\Icons\INV_Potion_42",
2443,"Interface\Icons\INV_Hammer_13",
2444,"Interface\Icons\INV_Hammer_Unique_Sulfuras",
2445,"Interface\Icons\Spell_Fire_BluePyroblast",
2446,"Interface\Icons\Spell_Fire_BlueFlameBolt",
2447,"Interface\Icons\INV_SWORD_52",
2448,"Interface\Icons\INV_Misc_Apexis_Crystal",
2449,"Interface\Icons\INV_Netherwhelp",
2450,"Interface\Icons\INV_DataCrystal06",
2451,"Interface\Icons\INV_Misc_Gem_Sapphire_02",
2452,"Interface\Icons\INV_Misc_Noose_01",
2453,"Interface\Icons\INV_Misc_Gem_LionsEye_01",
2454,"Interface\Icons\INV_Misc_Gem_BloodGem_02",
2455,"Interface\Icons\INV_Misc_Gem_AzureDraenite_02",
2456,"Interface\Icons\Spell_Fire_BlueImmolation",
2457,"Interface\Icons\INV_Chest_Cloth_66",
2458,"Interface\Icons\Spell_Fire_BlueFire",
2459,"Interface\Icons\Spell_Fire_BlueRainOfFire",
2460,"Interface\Icons\Spell_Fire_BlueFlameRing",
2461,"Interface\Icons\Spell_Fire_BlueFireNova",
2462,"Interface\Icons\INV_Weapon_Halberd18",
2463,"Interface\Icons\INV_Gauntlets_17",
2464,"Interface\Icons\INV_DataCrystal05",
2465,"Interface\Icons\INV_Weapon_ShortBlade_25",
2466,"Interface\Icons\Ability_Mount_CockatriceMountElite_Blue",
2467,"Interface\Icons\INV-Mount_Raven_54",
2468,"Interface\Icons\INV_Misc_Ribbon_01",
2469,"Interface\Icons\INV_Potion_164",
2470,"Interface\Icons\INV_Misc_ArmorKit_22",
2471,"Interface\Icons\INV_Misc_ArmorKit_16",
2472,"Interface\Icons\INV_Misc_ArmorKit_15",
2473,"Interface\Icons\INV_Misc_ArmorKit_07",
2474,"Interface\Icons\INV_Misc_ArmorKit_09",
2475,"Interface\Icons\INV_Misc_ArmorKit_05",
2476,"Interface\Icons\INV_Misc_ArmorKit_26",
2477,"Interface\Icons\Spell_Fire_BlueHellfire",
2478,"Interface\Icons\INV_Gizmo_Poltryiser_01",
2479,"Interface\Icons\INV_Helmet_49",
2480,"Interface\Icons\INV_Gizmo_ManaPotionPack",
2481,"Interface\Icons\INV_Misc_Food_64",
2482,"Interface\Icons\INV_Misc_Food_88_RavagerNuggets",
2483,"Interface\Icons\INV_Misc_Food_76",
2484,"Interface\Icons\INV_Misc_Root_02",
2485,"Interface\Icons\INV_Misc_Food_60",
2486,"Interface\Icons\INV_Misc_Spyglass_02",
2487,"Interface\Icons\INV_Wand_1H_Stratholme_D_01",
2488,"Interface\Icons\INV_Mushroom_09",
2489,"Interface\Icons\INV_Enchant_ShardPrismaticSmall",
2490,"Interface\Icons\INV_Enchant_Disenchant",
2491,"Interface\Icons\INV_Drink_17",
2492,"Interface\Icons\INV_Box_01",
2493,"Interface\Icons\INV_Misc_Food_25",
2494,"Interface\Icons\INV_Misc_Horn_02",
2495,"Interface\Icons\INV_Misc_Fish_02",
2496,"Interface\Icons\INV_Jewelry_Necklace_12",
2497,"Interface\Icons\INV_Misc_Bandage_04",
2498,"Interface\Icons\INV_Misc_Bandage_04",
2499,"Interface\Icons\INV_Misc_Bomb_03",
2500,"Interface\Icons\INV_Weapon_ShortBlade_26",
2501,"Interface\Icons\INV_Misc_Key_11",
2502,"Interface\Icons\INV_MISC_KEY_13",
2503,"Interface\Icons\INV_Trinket_HonorHold",
2504,"Interface\Icons\INV_Relics_IdolofFerocity",
2505,"Interface\Icons\INV_Misc_Bomb_07",
2506,"Interface\Icons\INV_Misc_Orb_05",
2507,"Interface\Icons\INV_Misc_Note_03",
2508,"Interface\Icons\INV_Misc_EngGizmos_01",
2509,"Interface\Icons\INV_Misc_StoneTablet_11",
2510,"Interface\Icons\INV_Bow_1H_Auchindoun_D_01",
2511,"Interface\Icons\INV_Misc_Ammo_Arrow_03",
2512,"Interface\Icons\INV_Offhand_Stratholme_A_01",
2513,"Interface\Icons\INV_Misc_Head_Troll_01",
2514,"Interface\Icons\INV_Misc_Food_Wheat_01",
2515,"Interface\Icons\INV_Cask_04",
2516,"Interface\Icons\INV_Jewelry_Talisman_12",
2517,"Interface\Icons\INV_Wand_20",
2518,"Interface\Icons\INV_Misc_Beer_01",
2519,"Interface\Icons\INV_Misc_Bone_DwarfSkull_01",
2520,"Interface\Icons\INV_Weapon_Halberd_21",
2521,"Interface\Icons\INV_Gauntlets_29",
2522,"Interface\Icons\INV_Shoulder_08",
2523,"Interface\Icons\INV_Misc_Toy_04",
2524,"Interface\Icons\INV_Misc_Toy_02",
2525,"Interface\Icons\INV_Misc_Toy_01",
2526,"Interface\Icons\INV_Misc_Toy_03",
2527,"Interface\Icons\INV_Misc_EngGizmos_05",
2528,"Interface\Icons\INV_Misc_Bag_28_Halloween",
2529,"Interface\Icons\INV_Wand_19",
2530,"Interface\Icons\INV_Weapon_Bow_16",
2531,"Interface\Icons\INV_Belt_05",
2532,"Interface\Icons\INV_Drink_19",
2533,"Interface\Icons\INV_Misc_Fish_09",
2534,"Interface\Icons\INV_Gizmo_RocketBootExtreme",
2535,"Interface\Icons\INV_Holiday_BrewfestBuff_01",
2536,"Interface\Icons\INV_Misc_Herb_15",
2537,"Interface\Icons\INV_Misc_ArmorKit_20",
2538,"Interface\Icons\Ability_Hunter_Pet_Ravager",
2539,"Interface\Icons\INV_Misc_EngGizmos_06",
2540,"Interface\Icons\INV_DRINK_14",
2541,"Interface\Icons\Ability_Hunter_DisarmingShot",
2542,"Interface\Icons\Spell_Holy_Chastise",
2543,"Interface\Icons\INV_Misc_Idol_02",
2544,"Interface\Icons\INV_DataCrystal10",
2545,"Interface\Icons\INV_Misc_Basket_01",
2546,"Interface\Icons\Ability_Mount_GyrocoptorElite",
2547,"Interface\Icons\Ability_Mount_Gyrocoptor",
2548,"Interface\Icons\INV_Axe_15",
2549,"Interface\Icons\INV_Sword_2H_Blacksmithing_02",
2550,"Interface\Icons\INV_Potion_53",
2551,"Interface\Icons\INV_Drink_23",
2552,"Interface\Icons\INV_Gizmo_06",
2553,"Interface\Icons\INV_Misc_Shell_01",
2554,"Interface\Icons\Ability_Mount_WarHippogryph",
2555,"Interface\Icons\INV_Misc_ArmorKit_04",
2556,"Interface\Icons\INV_Crate_04",
2557,"Interface\Icons\INV_Feather_05",
2558,"Interface\Icons\INV_Enchant_ShardPrismaticLarge",
2559,"Interface\Icons\INV_Misc_Bag_08",
2560,"Interface\Icons\INV_Misc_Food_01",
2561,"Interface\Icons\INV_Gizmo_ZapThrottleGasCollector",
2562,"Interface\Icons\Ability_Shaman_Stormstrike",
2563,"Interface\Icons\INV_Misc_TabardPVP_04",
2564,"Interface\Icons\INV_Potion_166",
2565,"Interface\Icons\INV_Misc_Bomb_01",
2566,"Interface\Icons\INV_Hammer_11",
2567,"Interface\Icons\INV_Hammer_17",
2568,"Interface\Icons\INV_Helmet_05",
2569,"Interface\Icons\INV_Mace_17",
2570,"Interface\Icons\INV_Mace_25",
2571,"Interface\Icons\INV_Axe_61",
2572,"Interface\Icons\INV_Sword_73",
2573,"Interface\Icons\INV_Helmet_55",
2574,"Interface\Icons\INV_Helmet_57",
2575,"Interface\Icons\INV_Helmet_58",
2576,"Interface\Icons\INV_Misc_Flower_03",
2577,"Interface\Icons\INV_Misc_Powder_Green",
2578,"Interface\Icons\INV_Misc_Map_01",
2579,"Interface\Icons\Spell_Fire_BlueFlameBreath",
2580,"Interface\Icons\INV_Jewelry_Ring_46",
2581,"Interface\Icons\INV_Misc_ArmorKit_08",
2582,"Interface\Icons\INV_Misc_Gem_Pearl_01",
2583,"Interface\Icons\INV_Misc_GroupNeedMore",
2584,"Interface\Icons\INV_Qiraj_JewelEncased",
2585,"Interface\Icons\INV_Misc_Flower_04",
2586,"Interface\Icons\INV_Armor_Shield_Naxxramas_D_01",
2587,"Interface\Icons\INV_Misc_ScrewDriver_02",
2588,"Interface\Icons\INV_Sword_89",
2589,"Interface\Icons\INV_Misc_MissileSmall_Red",
2590,"Interface\Icons\INV_Gizmo_NewGoggles",
2591,"Interface\Icons\INV_SummerFest_FireFlower",
2592,"Interface\Icons\INV_Misc_Bag_Soulbag",
2593,"Interface\Icons\INV_Misc_Fish_23",
2594,"Interface\Icons\INV_Misc_Fish_10",
2595,"Interface\Icons\INV_Rod_EnchantedEternium",
2596,"Interface\Icons\INV_Weapon_Glave_01",
2597,"Interface\Icons\INV_Weapon_Shortblade_48",
2598,"Interface\Icons\INV_Misc_Head_Dragon_Red",
2599,"Interface\Icons\INV_Staff_78",
2600,"Interface\Icons\INV_Misc_Food_68",
2601,"Interface\Icons\INV_Enchant_DustDream",
2602,"Interface\Icons\INV_Ingot_Thorium",
2603,"Interface\Icons\Spell_Nature_ElementalPrecision_2",
2604,"Interface\Icons\INV_Misc_Gem_Variety_01",
2605,"Interface\Icons\INV_Misc_MissileSmall_Blue",
2606,"Interface\Icons\INV_Misc_Weathermachine_01",
2607,"Interface\Icons\INV_Holiday_Summerfest_Petals",
2608,"Interface\Icons\INV_Misc_Petbiscuit_01",
2609,"Interface\Icons\INV_QirajIdol_Obsidian",
2610,"Interface\Icons\INV_Misc_Book_09",
2611,"Interface\Icons\INV_Misc_FireDancer_01",
2612,"Interface\Icons\INV_Misc_PunchCards_Blue",
2613,"Interface\Icons\INV_Misc_Ticket_Tarot_Beasts_01",
2614,"Interface\Icons\Spell_Misc_WarsongBrutal",
2615,"Interface\Icons\Spell_Misc_WarsongFocus",
2616,"Interface\Icons\INV_Misc_Food_51",
2617,"Interface\Icons\INV_MISC_FOOD_80",
2618,"Interface\Icons\INV_Weapon_Hand_03",
2619,"Interface\Icons\INV_Misc_Head_02",
2620,"Interface\Icons\INV_Jewelry_Ring_35",
2621,"Interface\Icons\INV_Qiraj_CarapaceOldGod",
2622,"Interface\Icons\INV_Sword_62",
2623,"Interface\Icons\Spell_Deathknight_PlagueStrike",
2624,"Interface\Icons\Spell_Deathknight_DeathStrike",
2625,"Interface\Icons\Spell_Misc_HellifrePVPThrallmarFavor",
2626,"Interface\Icons\INV_Shield_32",
2627,"Interface\Icons\INV_Misc_Gem_CrystalCut_01",
2628,"Interface\Icons\INV_Belt_12",
2629,"Interface\Icons\INV_Gizmo_GnomishFlameTurret",
2630,"Interface\Icons\INV_Scroll_04",
2631,"Interface\Icons\INV_Misc_Ticket_Tarot_Stack_01",
2632,"Interface\Icons\Spell_Deathknight_FrostPresence",
2633,"Interface\Icons\Spell_Deathknight_UnholyPresence",
2634,"Interface\Icons\INV_MACE_66",
2635,"Interface\Icons\INV_Sword_104",
2636,"Interface\Icons\Spell_Deathknight_BloodPresence",
2637,"Interface\Icons\INV_Shirt_GuildTabard_01",
2638,"Interface\Icons\INV_Axe_89",
2639,"Interface\Icons\Spell_Deathknight_ClassIcon",
2640,"Interface\Icons\INV_Sword_105",
2641,"Interface\Icons\INV_Drink_Waterskin_12",
2642,"Interface\Icons\INV_Misc_GroupLooking",
2643,"Interface\Icons\INV_Jewelry_Amulet_03",
2644,"Interface\Icons\INV_Misc_Food_63",
2645,"Interface\Icons\INV_Drink_Waterskin_03",
2646,"Interface\Icons\INV_Bijou_Red",
2647,"Interface\Icons\INV_Misc_Gear_08",
2648,"Interface\Icons\INV_Mace_1H_Stratholme_D_02",
2649,"Interface\Icons\INV_Misc_Bandage_15",
2650,"Interface\Icons\INV_SummerFest_FirePotion",
2651,"Interface\Icons\INV_Misc_Bone_08",
2652,"Interface\Icons\INV_Misc_Food_30",
2653,"Interface\Icons\INV_Shoulder_36",
2654,"Interface\Icons\INV_Jewelcrafting_JadeOwl",
2655,"Interface\Icons\INV_Sword_03",
2656,"Interface\Icons\INV_Sword_112",
2657,"Interface\Icons\INV_Sword_07",
2658,"Interface\Icons\INV_Misc_Food_20",
2659,"Interface\Icons\Spell_Arcane_PortalStonard",
2660,"Interface\Icons\Spell_Arcane_TeleportStonard",
2661,"Interface\Icons\Spell_Arcane_TeleportTheramore",
2662,"Interface\Icons\Spell_Arcane_PortalTheramore",
2663,"Interface\Icons\INV_Misc_Herb_08",
2664,"Interface\Icons\INV_Axe_68",
2665,"Interface\Icons\INV_Gizmo_RocketLauncher",
2666,"Interface\Icons\INV_Weapon_Rifle_20",
2667,"Interface\Icons\INV_Sword_40",
2668,"Interface\Icons\INV_Misc_MissileSmall_Yellow",
2669,"Interface\Icons\INV_Misc_Herb_ConstrictorGrass",
2670,"Interface\Icons\INV_Potion_162",
2671,"Interface\Icons\INV_Misc_Bandage_05",
2672,"Interface\Icons\INV_Gizmo_FelIronBomb",
2673,"Interface\Icons\INV_Feather_14",
2674,"Interface\Icons\INV_Misc_MonsterScales_01",
2675,"Interface\Icons\INV_Weapon_Halberd14",
2676,"Interface\Icons\INV_Potion_27",
2677,"Interface\Icons\INV_Chest_Chain",
2678,"Interface\Icons\INV_Mace_52",
2679,"Interface\Icons\INV_Jewelcrafting_TruesilverCrab",
2680,"Interface\Icons\INV_Misc_PocketWatch_02",
2681,"Interface\Icons\Creature_SporeMushroom",
2682,"Interface\Icons\INV_Misc_Pelt_01",
2683,"Interface\Icons\INV_Misc_PunchCards_Yellow",
2684,"Interface\Icons\INV_Misc_PunchCards_Red",
2685,"Interface\Icons\INV_Misc_PunchCards_Blue",
2686,"Interface\Icons\INV_Misc_Bone_01",
2687,"Interface\Icons\INV_Misc_Ear_Human_02",
2688,"Interface\Icons\INV_Misc_Gem_Pearl_08",
2689,"Interface\Icons\INV_Ore_FelIron",
2690,"Interface\Icons\INV_Misc_Head_Gnoll_01",
2691,"Interface\Icons\INV_Misc_Bandage_16",
2692,"Interface\Icons\INV_Misc_Bandana_03",
2693,"Interface\Icons\INV_Misc_Pelt_Bear_01",
2694,"Interface\Icons\INV_Weapon_Shortblade_84",
2695,"Interface\Icons\INV_SummerFest_FireDrink",
2696,"Interface\Icons\INV_Misc_Bone_02",
2697,"Interface\Icons\INV_Misc_Powder_Copper",
2698,"Interface\Icons\INV_Helmet_41",
2699,"Interface\Icons\INV_Misc_Fish_34",
2700,"Interface\Icons\INV_Potion_57",
2701,"Interface\Icons\INV_Misc_Ear_Human_01",
2702,"Interface\Icons\INV_Sword_122",
2703,"Interface\Icons\INV_Armor_Helm_Plate_Naxxramas_RaidWarrior_C_01",
2704,"Interface\Icons\INV_Crate_02",
2705,"Interface\Icons\INV_Misc_Food_70",
2706,"Interface\Icons\INV_Misc_Orb_05",
2707,"Interface\Icons\INV_Misc_LeatherScrap_01",
2708,"Interface\Icons\INV_Weapon_ShortBlade_09",
2709,"Interface\Icons\INV_Weapon_Shortblade_60",
2710,"Interface\Icons\INV_Weapon_Hand_18",
2711,"Interface\Icons\INV_Axe_35",
2712,"Interface\Icons\INV_Misc_DiscoBall_01",
2713,"Interface\Icons\INV_Misc_Crop_01",
2714,"Interface\Icons\Ability_Mount_KotoBrewfest",
2715,"Interface\Icons\INV_Axe_95",
2716,"Interface\Icons\INV_Boots_Plate_06",
2717,"Interface\Icons\INV_Misc_ElvenCoins",
2718,"Interface\Icons\Spell_DeathKnight_ArmyOfTheDead",
2719,"Interface\Icons\Spell_DeathKnight_EmpowerRuneBlade",
2720,"Interface\Icons\Spell_DeathKnight_IceBoundFortitude",
2721,"Interface\Icons\Spell_DeathKnight_IceTouch",
2722,"Interface\Icons\Spell_DeathKnight_MindFreeze",
2723,"Interface\Icons\Spell_DeathKnight_Strangulate",
2724,"Interface\Icons\Spell_DeathKnight_BloodTap",
2725,"Interface\Icons\Spell_DeathKnight_BloodBoil",
2726,"Interface\Icons\Spell_DeathKnight_RuneTap",
2727,"Interface\Icons\Spell_DeathKnight_FrozenRuneWeapon",
2728,"Interface\Icons\INV_Weapon_Shortblade_78",
2729,"Interface\Icons\Ability_Warrior_IntensifyRage",
2730,"Interface\Icons\Spell_DeathKnight_Butcher",
2731,"Interface\Icons\Spell_DeathKnight_BladedArmor",
2732,"Interface\Icons\Thrown_1H_Harpoon_D_01Bronze",
2733,"Interface\Icons\INV_Holiday_Christmas_Wrapping_01",
2734,"Interface\Icons\INV_Holiday_Christmas_Present_03",
2735,"Interface\Icons\INV_MISC_HOOK_01",
2736,"Interface\Icons\INV_Fishingpole_01",
2737,"Interface\Icons\INV_Helmet_44",
2738,"Interface\Icons\INV_CHEST_MAIL_04",
2739,"Interface\Icons\INV_Chest_Leather_13",
2740,"Interface\Icons\Spell_DeathKnight_EmpowerRuneBlade2",
2741,"Interface\Icons\INV_Misc_SurgeonGlove_01",
2742,"Interface\Icons\INV_Misc_Bandage_Netherweave_Heavy",
2743,"Interface\Icons\INV_Bijou_Blue",
2744,"Interface\Icons\INV_Bijou_Bronze",
2745,"Interface\Icons\INV_Bijou_Green",
2746,"Interface\Icons\INV_Bijou_Orange",
2747,"Interface\Icons\INV_Bijou_Purple",
2748,"Interface\Icons\INV_Bijou_Yellow",
2749,"Interface\Icons\INV_Bijou_Gold",
2750,"Interface\Icons\Ability_Warrior_TitansGrip",
2751,"Interface\Icons\Spell_DeathKnight_Butcher2",
2752,"Interface\Icons\INV_Crystallized_Earth",
2753,"Interface\Icons\INV_Misc_Head_Quillboar_01",
2754,"Interface\Icons\INV_Helmet_92",
2755,"Interface\Icons\INV_Misc_EngGizmos_RocketChicken",
2756,"Interface\Icons\INV_Sword_39",
2757,"Interface\Icons\INV_Staff_Medivh",
2758,"Interface\Icons\INV_Scarab_Crystal",
2759,"Interface\Icons\INV_Misc_Map02",
2760,"Interface\Icons\INV_Misc_Map04",
2761,"Interface\Icons\INV_Misc_Map05",
2762,"Interface\Icons\INV_Misc_Map03",
2763,"Interface\Icons\INV_Misc_Map06",
2764,"Interface\Icons\INV_TradeskillItem_03",
2765,"Interface\Icons\INV_Wand_23",
2766,"Interface\Icons\INV_Misc_Comb_02",
2767,"Interface\Icons\Ability_Warrior_Bloodsurge",
2768,"Interface\Icons\INV_Potion_90",
2769,"Interface\Icons\Ability_Warrior_BullRush",
2770,"Interface\Icons\Ability_Warrior_Trauma",
2771,"Interface\Icons\Ability_Warrior_ShieldBreak",
2772,"Interface\Icons\INV_Misc_Bomb_06",
2773,"Interface\Icons\INV_Mace_81",
2774,"Interface\Icons\Ability_Warrior_BloodBath",
2775,"Interface\Icons\Ability_Warrior_UnrelentingAssault",
2776,"Interface\Icons\Ability_Warrior_StrengthOfArms",
2777,"Interface\Icons\Ability_Warrior_Shockwave",
2778,"Interface\Icons\Ability_Warrior_CriticalBlock",
2779,"Interface\Icons\Ability_Warrior_StalwartProtector",
2780,"Interface\Icons\Ability_Warrior_SwordandBoard",
2781,"Interface\Icons\Ability_Warrior_Safeguard",
2782,"Interface\Icons\Ability_Warrior_Bladestorm",
2783,"Interface\Icons\Ability_Warrior_FuriousResolve",
2784,"Interface\Icons\INV_Misc_Food_61",
2785,"Interface\Icons\INV_Misc_Head_Orc_01",
2786,"Interface\Icons\INV_Misc_Head_Undead_02",
2787,"Interface\Icons\INV_Misc_PheonixPet_01",
2788,"Interface\Icons\INV_Misc_Head_Dwarf_01",
2789,"Interface\Icons\INV_Chest_Cloth_59",
2790,"Interface\Icons\INV_DataCrystal11",
2791,"Interface\Icons\INV_Jewelry_Necklace_25",
2792,"Interface\Icons\INV_Helmet_52",
2793,"Interface\Icons\INV_Mace_54",
2794,"Interface\Icons\INV_Weapon_Shortblade_57",
2795,"Interface\Icons\INV_DiabloStone",
2796,"Interface\Icons\INV_Staff_52",
2797,"Interface\Icons\INV_Staff_15",
2798,"Interface\Icons\INV_SHOULDER_59",
2799,"Interface\Icons\INV_Weapon_Shortblade_42",
2800,"Interface\Icons\INV_Staff_73",
2801,"Interface\Icons\INV_Misc_Coin_01",
2802,"Interface\Icons\INV_Misc_Coin_04",
2803,"Interface\Icons\INV_Misc_Coin_08",
2804,"Interface\Icons\INV_Misc_Coin_15",
2805,"Interface\Icons\INV_Misc_Coin_07",
2806,"Interface\Icons\INV_Helmet_114",
2807,"Interface\Icons\INV_Shield_48",
2808,"Interface\Icons\INV_Enchant_VoidCrystal",
2809,"Interface\Icons\INV_Misc_Herb_Felweed",
2810,"Interface\Icons\INV_Enchant_EssenceArcaneSmall",
2811,"Interface\Icons\INV_Jewelry_TrinketPVP_02",
2812,"Interface\Icons\INV_Jewelry_TrinketPVP_01",
2813,"Interface\Icons\INV_Helmet_130",
2814,"Interface\Icons\INV_Misc_Rune_14",
2815,"Interface\Icons\INV_Trinket_Thrallmar",
2816,"Interface\Icons\INV_Ingot_06",
2817,"Interface\Icons\INV_Fabric_Spellfire",
2818,"Interface\Icons\Spell_Holy_Penance",
2819,"Interface\Icons\Spell_Holy_HopeAndGrace",
2820,"Interface\Icons\Spell_Holy_DevineAegis",
2821,"Interface\Icons\Spell_Holy_Aspiration",
2822,"Interface\Icons\INV_Weapon_Shortblade_47",
2823,"Interface\Icons\INV_Shield_16",
2824,"Interface\Icons\INV_Scroll_07",
2825,"Interface\Icons\INV_MISC_RUNE_08",
2826,"Interface\Icons\INV_Jewelry_FrostwolfTrinket_01",
2827,"Interface\Icons\INV_Jewelry_StormPikeTrinket_01",
2828,"Interface\Icons\INV_Jewelry_FrostwolfTrinket_05",
2829,"Interface\Icons\INV_Jewelry_StormPikeTrinket_05",
2830,"Interface\Icons\INV_BRD_Banner",
2831,"Interface\Icons\INV_Weapon_Bow_07",
2832,"Interface\Icons\INV_Staff_13",
2833,"Interface\Icons\INV_Elemental_Mote_Water01",
2834,"Interface\Icons\Ability_Warrior_Vigilance",
2835,"Interface\Icons\INV_Misc_Rune_07",
2836,"Interface\Icons\Ability_Druid_Cyclone",
2837,"Interface\Icons\Ability_Druid_GaleWinds",
2838,"Interface\Icons\Ability_Druid_Typhoon",
2839,"Interface\Icons\INV_Jewelry_Necklace_21",
2840,"Interface\Icons\INV_Pick_05",
2841,"Interface\Icons\Ability_Warrior_Incite",
2842,"Interface\Icons\INV_WEAPON_BOW_39",
2843,"Interface\Icons\INV_Mace_51",
2844,"Interface\Icons\Spell_Holy_TestOfFaith",
2845,"Interface\Icons\Spell_Holy_DivineProvidence",
2846,"Interface\Icons\INV_Misc_Note_01",
2847,"Interface\Icons\Spell_Shadow_PsychicHorrors",
2848,"Interface\Icons\Spell_Shadow_MindTwisting",
2849,"Interface\Icons\INV_Misc_Head_Centaur_01",
2850,"Interface\Icons\Ability_Druid_KingoftheJungle",
2851,"Interface\Icons\Ability_Druid_MasterShapeshifter",
2852,"Interface\Icons\Ability_Druid_Berserk",
2853,"Interface\Icons\Ability_Druid_OwlkinFrenzy",
2854,"Interface\Icons\Ability_Druid_Starfall",
2855,"Interface\Icons\Ability_Druid_ImprovedMoonkinForm",
2856,"Interface\Icons\Ability_Druid_Eclipse",
2857,"Interface\Icons\Ability_Druid_InfectedWound",
2858,"Interface\Icons\Ability_Druid_PrimalPrecision",
2859,"Interface\Icons\Ability_Druid_PrimalAgression",
2860,"Interface\Icons\Ability_Druid_GiftoftheEarthmother",
2861,"Interface\Icons\Ability_Druid_ImprovedTreeForm",
2862,"Interface\Icons\Ability_Druid_Replenish",
2863,"Interface\Icons\Ability_Druid_Nourish",
2864,"Interface\Icons\Ability_Druid_Flourish",
2865,"Interface\Icons\Ability_Druid_SkinTeeth",
2866,"Interface\Icons\INV_Misc_Herb_05",
2867,"Interface\Icons\INV_Enchant_EssenceEternalSmall",
2868,"Interface\Icons\INV_Misc_Herb_04",
2869,"Interface\Icons\INV_Misc_Herb_18",
2870,"Interface\Icons\INV_Misc_Herb_12",
2871,"Interface\Icons\INV_MISC_HERB_01",
2872,"Interface\Icons\INV_Enchant_DustVision",
2873,"Interface\Icons\Spell_Holy_GuardianSpirit",
2874,"Interface\Icons\Spell_Shadow_PainAndSuffering",
2875,"Interface\Icons\Spell_Shadow_Dispersion",
2876,"Interface\Icons\INV_Misc_Herb_14",
2877,"Interface\Icons\INV_Jewelcrafting_LivingRuby_02",
2878,"Interface\Icons\INV_Mushroom_06",
2879,"Interface\Icons\INV_Potion_36",
2880,"Interface\Icons\INV_Misc_Herb_IceCap",
2881,"Interface\Icons\INV_Misc_Herb_Terrocone",
2882,"Interface\Icons\INV_Ore_Eternium",
2883,"Interface\Icons\INV_Sword_103",
2884,"Interface\Icons\INV_Misc_Bag_07_Blue",
2885,"Interface\Icons\INV_Mace_80",
2886,"Interface\Icons\INV_Misc_Herb_TalandrasRose",
2887,"Interface\Icons\INV_Misc_Herb_IceThorn",
2888,"Interface\Icons\INV_Misc_Book_01",
2889,"Interface\Icons\INV_Misc_Book_05",
2890,"Interface\Icons\INV_Misc_Book_10",
2891,"Interface\Icons\INV_Misc_Book_08",
2892,"Interface\Icons\INV_Misc_Book_04",
2893,"Interface\Icons\INV_Misc_Book_02",
2894,"Interface\Icons\Spell_Holy_Rapture",
2895,"Interface\Icons\Spell_Shadow_MindShear",
2896,"Interface\Icons\INV_Sword_01",
2897,"Interface\Icons\INV_Jewelry_StormPikeTrinket_03",
2898,"Interface\Icons\INV_Jewelry_FrostwolfTrinket_03",
2899,"Interface\Icons\Spell_Holy_BorrowedTime",
2900,"Interface\Icons\Spell_Holy_Serendipity",
2901,"Interface\Icons\Spell_Shadow_TwistedFaith",
2902,"Interface\Icons\INV_Drink_21",
2903,"Interface\Icons\Ability_Rogue_HonorAmongstThieves",
2904,"Interface\Icons\Ability_Rogue_FanofKnives",
2905,"Interface\Icons\Ability_Rogue_TurntheTables",
2906,"Interface\Icons\Ability_Rogue_WrongfullyAccused",
2907,"Interface\Icons\Ability_Rogue_MurderSpree",
2908,"Interface\Icons\Ability_Rogue_Dismantle",
2909,"Interface\Icons\Ability_Rogue_CutToTheChase",
2910,"Interface\Icons\Ability_Rogue_ThrowingSpecialization",
2911,"Interface\Icons\INV_Enchant_ShardGleamingSmall",
2912,"Interface\Icons\INV_Staff_63",
2913,"Interface\Icons\INV_Misc_Ammo_Bullet_05",
2914,"Interface\Icons\INV_Shield_59",
2915,"Interface\Icons\INV_Sword_37",
2916,"Interface\Icons\INV_Sword_38",
2917,"Interface\Icons\INV_Misc_CelebrationCake_01",
2918,"Interface\Icons\INV_Misc_Fish_35",
2919,"Interface\Icons\Ability_Mount_CockatriceMountElite_White",
2920,"Interface\Icons\INV_Mushroom_11",
2921,"Interface\Icons\INV_Misc_PunchCards_Prismatic",
2922,"Interface\Icons\INV_Mace_30",
2923,"Interface\Icons\INV_Misc_Cauldron_Arcane",
2924,"Interface\Icons\INV_Misc_TabardPVP_03",
2925,"Interface\Icons\INV_Misc_Food_49",
2926,"Interface\Icons\INV_Weapon_Rifle_05",
2927,"Interface\Icons\INV_HELMET_94",
2928,"Interface\Icons\INV_Bracer_07",
2929,"Interface\Icons\INV_Misc_Quiver_02",
2930,"Interface\Icons\INV_Misc_Bag_12",
2931,"Interface\Icons\INV_Misc_Gem_Diamond_05",
2932,"Interface\Icons\INV_Misc_ThrowingBall_01",
2933,"Interface\Icons\INV_Fishingpole_03",
2934,"Interface\Icons\INV_Jewelry_Necklace_22",
2935,"Interface\Icons\Ability_Hunter_WildQuiver",
2936,"Interface\Icons\Ability_Hunter_CobraStrikes",
2937,"Interface\Icons\INV_Enchant_DustIllusion",
2938,"Interface\Icons\Ability_Mage_BrainFreeze",
2939,"Interface\Icons\Ability_Mage_DeepFreeze",
2940,"Interface\Icons\Ability_Mage_PotentSpirit",
2941,"Interface\Icons\Ability_Mage_IncantersAbsorbtion",
2942,"Interface\Icons\Ability_Mage_StudentOfTheMind",
2943,"Interface\Icons\Ability_Mage_NetherWindPresence",
2944,"Interface\Icons\INV_Torch_Thrown",
2945,"Interface\Icons\Ability_Mage_ShatterShield",
2946,"Interface\Icons\Ability_Mage_FrostFireBolt",
2947,"Interface\Icons\Ability_Mage_WintersGrasp",
2948,"Interface\Icons\Ability_Mage_WorldInFlames",
2949,"Interface\Icons\INV_Misc_SawBlade_01",
2950,"Interface\Icons\INV_MISC_FOOD_26",
2951,"Interface\Icons\INV_Misc_Food_27",
2952,"Interface\Icons\INV_Misc_Food_29",
2953,"Interface\Icons\INV_Mask_04",
2954,"Interface\Icons\INV_Mask_06",
2955,"Interface\Icons\INV_Offhand_Naxxramas_03",
2956,"Interface\Icons\Ability_Rogue_DeviousPoisons",
2957,"Interface\Icons\Ability_Rogue_BloodSplatter",
2958,"Interface\Icons\Ability_Rogue_Waylay",
2959,"Interface\Icons\Ability_Rogue_ShadowDance",
2960,"Interface\Icons\INV_Misc_Fish_48",
2961,"Interface\Icons\Ability_Rogue_HungerforBlood",
2962,"Interface\Icons\Ability_Rogue_SlaughterfromtheShadows",
2963,"Interface\Icons\Ability_Rogue_DeadlyBrew",
2964,"Interface\Icons\Ability_Rogue_UnfairAdvantage",
2965,"Interface\Icons\Ability_Mage_ChilledToTheBone",
2966,"Interface\Icons\Ability_Mage_ConjureFoodRank9",
2967,"Interface\Icons\Ability_Mage_ConjureFoodRank10",
2968,"Interface\Icons\Ability_Warrior_BloodNova",
2969,"Interface\Icons\INV_Misc_DragonKite_01",
2970,"Interface\Icons\Achievement_General",
2971,"Interface\Icons\INV_Sword_61",
2972,"Interface\Icons\INV_Axe_94",
2973,"Interface\Icons\INV_Enchant_ShardRadientSmall",
2974,"Interface\Icons\INV_SummerFest_Symbol_High",
2975,"Interface\Icons\INV_SummerFest_Symbol_Low",
2976,"Interface\Icons\INV_Egg_01",
2977,"Interface\Icons\INV_Misc_ArmorKit_14",
2978,"Interface\Icons\INV_Misc_Herb_BlackLotus",
2979,"Interface\Icons\INV_Mace_22",
2980,"Interface\Icons\INV_Crystallized_Water",
2981,"Interface\Icons\INV_Crystallized_Life",
2982,"Interface\Icons\Ability_Rogue_FocusedAttacks",
2983,"Interface\Icons\Ability_Rogue_PreyontheWeak",
2984,"Interface\Icons\Ability_Rogue_StayofExecution",
2985,"Interface\Icons\Thrown_1H_Harpoon_D_01",
2986,"Interface\Icons\INV_Staff_05",
2987,"Interface\Icons\INV_Misc_Gem_FlameSpessarite_02",
2988,"Interface\Icons\INV_Misc_Food_104_TundraBerries",
2989,"Interface\Icons\INV_Misc_Bag_27",
2990,"Interface\Icons\INV_Scroll_10",
2991,"Interface\Icons\Ability_Druid_EarthandSky",
2992,"Interface\Icons\INV_Misc_Coin_06",
2993,"Interface\Icons\INV_Misc_Coin_02",
2994,"Interface\Icons\INV_Misc_Coin_03",
2995,"Interface\Icons\INV_Misc_Coin_16",
2996,"Interface\Icons\INV_Holiday_BeerfestPretzel01",
2997,"Interface\Icons\INV_Misc_Cauldron_Nature",
2998,"Interface\Icons\Ability_Mage_Burnout",
2999,"Interface\Icons\Ability_Mage_HotStreak",
3000,"Interface\Icons\Ability_Mage_LivingBomb",
3001,"Interface\Icons\INV_Mace_69",
3002,"Interface\Icons\INV_Potion_165",
3003,"Interface\Icons\INV_Misc_Book_13",
